[
{
    "model": "core.user",
    "fields": {
        "password": "pbkdf2_sha256$600000$dAtpNEA6jqVIO1VFuvKidH$ySLh1/xxxKMSMheBvX03coQHdJhPXo4O2/5hMEIcSZg=",
        "last_login": null,
        "is_superuser": true,
        "username": "admin@beisboldata.com",
        "full_name": "Administrador Global",
        "role": "super_admin",
        "is_active": true,
        "is_staff": true,
        "created_at": "2026-03-01T08:38:29.494Z",
        "groups": [],
        "user_permissions": []
    }
},
{
    "model": "core.league",
    "pk": 1,
    "fields": {
        "name": "Liga Este",
        "country": "Venezuela",
        "city": "Caracas",
        "logo_url": "",
        "admin": null,
        "created_at": "2026-03-01T08:38:29.856Z"
    }
},
{
    "model": "core.league",
    "pk": 2,
    "fields": {
        "name": "Central Valencia",
        "country": "Venezuela",
        "city": "Valencia",
        "logo_url": "",
        "admin": null,
        "created_at": "2026-03-10T09:05:26.898Z"
    }
},
{
    "model": "core.league",
    "pk": 3,
    "fields": {
        "name": "Industrial",
        "country": "Venezuela",
        "city": "Guacara",
        "logo_url": "",
        "admin": null,
        "created_at": "2026-03-10T09:06:11.850Z"
    }
},
{
    "model": "core.league",
    "pk": 4,
    "fields": {
        "name": "Los Guayos",
        "country": "Venezuela",
        "city": "Los Guayos",
        "logo_url": "",
        "admin": null,
        "created_at": "2026-03-10T09:07:02.712Z"
    }
},
{
    "model": "core.league",
    "pk": 5,
    "fields": {
        "name": "Diego Ibarra",
        "country": "Venezuela",
        "city": "Tocuyito",
        "logo_url": "",
        "admin": null,
        "created_at": "2026-03-10T09:09:05.185Z"
    }
},
{
    "model": "core.season",
    "pk": 1,
    "fields": {
        "league": 1,
        "name": "Temporada 2025-2026",
        "start_date": "2025-10-15",
        "end_date": "2026-04-30",
        "is_active": true
    }
},
{
    "model": "core.category",
    "pk": 1,
    "fields": {
        "league": 1,
        "name": "Infantil",
        "age_min": 10,
        "age_max": 11
    }
},
{
    "model": "core.category",
    "pk": 2,
    "fields": {
        "league": 1,
        "name": "Prejunior",
        "age_min": 11,
        "age_max": 12
    }
},
{
    "model": "core.team",
    "pk": 1,
    "fields": {
        "category": 1,
        "season": 1,
        "name": "Cardenales del Paraíso",
        "short_name": "CAR",
        "logo_url": "",
        "manager_name": "",
        "won": 1,
        "lost": 4,
        "tied": 0
    }
},
{
    "model": "core.team",
    "pk": 2,
    "fields": {
        "category": 1,
        "season": 1,
        "name": "Tiburones de La Pastora",
        "short_name": "TIB",
        "logo_url": "",
        "manager_name": "",
        "won": 4,
        "lost": 1,
        "tied": 0
    }
},
{
    "model": "core.team",
    "pk": 3,
    "fields": {
        "category": 2,
        "season": 1,
        "name": "Águilas de Catia",
        "short_name": "AGU",
        "logo_url": "",
        "manager_name": "",
        "won": 2,
        "lost": 5,
        "tied": 0
    }
},
{
    "model": "core.team",
    "pk": 4,
    "fields": {
        "category": 2,
        "season": 1,
        "name": "Leones del Valle",
        "short_name": "LEO",
        "logo_url": "",
        "manager_name": "",
        "won": 5,
        "lost": 2,
        "tied": 0
    }
},
{
    "model": "core.player",
    "pk": 1,
    "fields": {
        "first_name": "Marcos",
        "last_name": "Rodríguez",
        "birth_date": "2017-02-18",
        "height_cm": null,
        "weight_kg": null,
        "bats_hand": "L",
        "throws_hand": "L",
        "bio": "",
        "photo_url": "",
        "created_at": "2026-03-01T08:38:29.869Z"
    }
},
{
    "model": "core.player",
    "pk": 2,
    "fields": {
        "first_name": "Bryan",
        "last_name": "Ramírez",
        "birth_date": "2017-10-13",
        "height_cm": null,
        "weight_kg": null,
        "bats_hand": "R",
        "throws_hand": "R",
        "bio": "",
        "photo_url": "",
        "created_at": "2026-03-01T08:38:29.870Z"
    }
},
{
    "model": "core.player",
    "pk": 3,
    "fields": {
        "first_name": "Rafael",
        "last_name": "Ochoa",
        "birth_date": "2017-09-01",
        "height_cm": null,
        "weight_kg": null,
        "bats_hand": "R",
        "throws_hand": "R",
        "bio": "",
        "photo_url": "",
        "created_at": "2026-03-01T08:38:29.871Z"
    }
},
{
    "model": "core.player",
    "pk": 4,
    "fields": {
        "first_name": "Cristian",
        "last_name": "Pinto",
        "birth_date": "2017-03-19",
        "height_cm": null,
        "weight_kg": null,
        "bats_hand": "L",
        "throws_hand": "L",
        "bio": "",
        "photo_url": "",
        "created_at": "2026-03-01T08:38:29.871Z"
    }
},
{
    "model": "core.player",
    "pk": 5,
    "fields": {
        "first_name": "Marcos",
        "last_name": "Ramírez",
        "birth_date": "2017-11-08",
        "height_cm": null,
        "weight_kg": null,
        "bats_hand": "L",
        "throws_hand": "L",
        "bio": "",
        "photo_url": "",
        "created_at": "2026-03-01T08:38:29.872Z"
    }
},
{
    "model": "core.player",
    "pk": 6,
    "fields": {
        "first_name": "Emilio",
        "last_name": "Flores",
        "birth_date": "2017-03-11",
        "height_cm": null,
        "weight_kg": null,
        "bats_hand": "S",
        "throws_hand": "L",
        "bio": "",
        "photo_url": "",
        "created_at": "2026-03-01T08:38:29.872Z"
    }
},
{
    "model": "core.player",
    "pk": 7,
    "fields": {
        "first_name": "Javier",
        "last_name": "Ochoa",
        "birth_date": "2017-12-06",
        "height_cm": null,
        "weight_kg": null,
        "bats_hand": "L",
        "throws_hand": "R",
        "bio": "",
        "photo_url": "",
        "created_at": "2026-03-01T08:38:29.872Z"
    }
},
{
    "model": "core.player",
    "pk": 8,
    "fields": {
        "first_name": "Yhonatan",
        "last_name": "Aular",
        "birth_date": "2017-10-17",
        "height_cm": null,
        "weight_kg": null,
        "bats_hand": "S",
        "throws_hand": "L",
        "bio": "",
        "photo_url": "",
        "created_at": "2026-03-01T08:38:29.873Z"
    }
},
{
    "model": "core.player",
    "pk": 9,
    "fields": {
        "first_name": "Sebastián",
        "last_name": "Jiménez",
        "birth_date": "2017-11-22",
        "height_cm": null,
        "weight_kg": null,
        "bats_hand": "R",
        "throws_hand": "L",
        "bio": "",
        "photo_url": "",
        "created_at": "2026-03-01T08:38:29.873Z"
    }
},
{
    "model": "core.player",
    "pk": 10,
    "fields": {
        "first_name": "Andrés",
        "last_name": "Suárez",
        "birth_date": "2017-10-22",
        "height_cm": null,
        "weight_kg": null,
        "bats_hand": "S",
        "throws_hand": "R",
        "bio": "",
        "photo_url": "",
        "created_at": "2026-03-01T08:38:29.874Z"
    }
},
{
    "model": "core.player",
    "pk": 11,
    "fields": {
        "first_name": "Pedro",
        "last_name": "Reyes",
        "birth_date": "2017-08-10",
        "height_cm": null,
        "weight_kg": null,
        "bats_hand": "S",
        "throws_hand": "R",
        "bio": "",
        "photo_url": "",
        "created_at": "2026-03-01T08:38:29.874Z"
    }
},
{
    "model": "core.player",
    "pk": 12,
    "fields": {
        "first_name": "Daniel",
        "last_name": "Flores",
        "birth_date": "2017-06-17",
        "height_cm": null,
        "weight_kg": null,
        "bats_hand": "L",
        "throws_hand": "L",
        "bio": "",
        "photo_url": "",
        "created_at": "2026-03-01T08:38:29.875Z"
    }
},
{
    "model": "core.player",
    "pk": 13,
    "fields": {
        "first_name": "Cristian",
        "last_name": "Acosta",
        "birth_date": "2017-08-18",
        "height_cm": null,
        "weight_kg": null,
        "bats_hand": "L",
        "throws_hand": "R",
        "bio": "",
        "photo_url": "",
        "created_at": "2026-03-01T08:38:29.875Z"
    }
},
{
    "model": "core.player",
    "pk": 14,
    "fields": {
        "first_name": "Tomas",
        "last_name": "Castro",
        "birth_date": "2017-06-06",
        "height_cm": null,
        "weight_kg": null,
        "bats_hand": "L",
        "throws_hand": "R",
        "bio": "",
        "photo_url": "",
        "created_at": "2026-03-01T08:38:29.875Z"
    }
},
{
    "model": "core.player",
    "pk": 15,
    "fields": {
        "first_name": "Roberto",
        "last_name": "Castro",
        "birth_date": "2017-04-10",
        "height_cm": null,
        "weight_kg": null,
        "bats_hand": "S",
        "throws_hand": "L",
        "bio": "",
        "photo_url": "",
        "created_at": "2026-03-01T08:38:29.876Z"
    }
},
{
    "model": "core.player",
    "pk": 16,
    "fields": {
        "first_name": "Kevin",
        "last_name": "López",
        "birth_date": "2017-08-17",
        "height_cm": null,
        "weight_kg": null,
        "bats_hand": "R",
        "throws_hand": "R",
        "bio": "",
        "photo_url": "",
        "created_at": "2026-03-01T08:38:29.876Z"
    }
},
{
    "model": "core.player",
    "pk": 17,
    "fields": {
        "first_name": "Bryan",
        "last_name": "Rodríguez",
        "birth_date": "2017-04-23",
        "height_cm": null,
        "weight_kg": null,
        "bats_hand": "L",
        "throws_hand": "L",
        "bio": "",
        "photo_url": "",
        "created_at": "2026-03-01T08:38:29.876Z"
    }
},
{
    "model": "core.player",
    "pk": 18,
    "fields": {
        "first_name": "Sebastián",
        "last_name": "Aular",
        "birth_date": "2017-08-12",
        "height_cm": null,
        "weight_kg": null,
        "bats_hand": "R",
        "throws_hand": "L",
        "bio": "",
        "photo_url": "",
        "created_at": "2026-03-01T08:38:29.877Z"
    }
},
{
    "model": "core.player",
    "pk": 19,
    "fields": {
        "first_name": "Juan",
        "last_name": "Ochoa",
        "birth_date": "2017-11-25",
        "height_cm": null,
        "weight_kg": null,
        "bats_hand": "R",
        "throws_hand": "R",
        "bio": "",
        "photo_url": "",
        "created_at": "2026-03-01T08:38:29.877Z"
    }
},
{
    "model": "core.player",
    "pk": 20,
    "fields": {
        "first_name": "Alejandro",
        "last_name": "Pérez",
        "birth_date": "2017-05-02",
        "height_cm": null,
        "weight_kg": null,
        "bats_hand": "S",
        "throws_hand": "L",
        "bio": "",
        "photo_url": "",
        "created_at": "2026-03-01T08:38:29.877Z"
    }
},
{
    "model": "core.player",
    "pk": 21,
    "fields": {
        "first_name": "Tomas",
        "last_name": "Muñoz",
        "birth_date": "2017-10-20",
        "height_cm": null,
        "weight_kg": null,
        "bats_hand": "S",
        "throws_hand": "R",
        "bio": "",
        "photo_url": "",
        "created_at": "2026-03-01T08:38:29.878Z"
    }
},
{
    "model": "core.player",
    "pk": 22,
    "fields": {
        "first_name": "Samuel",
        "last_name": "Muñoz",
        "birth_date": "2017-06-05",
        "height_cm": null,
        "weight_kg": null,
        "bats_hand": "S",
        "throws_hand": "L",
        "bio": "",
        "photo_url": "",
        "created_at": "2026-03-01T08:38:29.878Z"
    }
},
{
    "model": "core.player",
    "pk": 23,
    "fields": {
        "first_name": "Rafael",
        "last_name": "Blanco",
        "birth_date": "2017-04-18",
        "height_cm": null,
        "weight_kg": null,
        "bats_hand": "L",
        "throws_hand": "R",
        "bio": "",
        "photo_url": "",
        "created_at": "2026-03-01T08:38:29.879Z"
    }
},
{
    "model": "core.player",
    "pk": 24,
    "fields": {
        "first_name": "Yhonatan",
        "last_name": "Figueroa",
        "birth_date": "2017-10-28",
        "height_cm": null,
        "weight_kg": null,
        "bats_hand": "R",
        "throws_hand": "R",
        "bio": "",
        "photo_url": "",
        "created_at": "2026-03-01T08:38:29.879Z"
    }
},
{
    "model": "core.player",
    "pk": 25,
    "fields": {
        "first_name": "Yhonatan",
        "last_name": "Acosta",
        "birth_date": "2013-04-01",
        "height_cm": null,
        "weight_kg": null,
        "bats_hand": "S",
        "throws_hand": "R",
        "bio": "",
        "photo_url": "",
        "created_at": "2026-03-01T08:38:29.880Z"
    }
},
{
    "model": "core.player",
    "pk": 26,
    "fields": {
        "first_name": "Rafael",
        "last_name": "Muñoz",
        "birth_date": "2013-10-09",
        "height_cm": null,
        "weight_kg": null,
        "bats_hand": "S",
        "throws_hand": "R",
        "bio": "",
        "photo_url": "",
        "created_at": "2026-03-01T08:38:29.880Z"
    }
},
{
    "model": "core.player",
    "pk": 27,
    "fields": {
        "first_name": "Andrés",
        "last_name": "Hernández",
        "birth_date": "2013-03-03",
        "height_cm": null,
        "weight_kg": null,
        "bats_hand": "R",
        "throws_hand": "R",
        "bio": "",
        "photo_url": "",
        "created_at": "2026-03-01T08:38:29.880Z"
    }
},
{
    "model": "core.player",
    "pk": 28,
    "fields": {
        "first_name": "Emilio",
        "last_name": "Pérez",
        "birth_date": "2013-11-14",
        "height_cm": null,
        "weight_kg": null,
        "bats_hand": "L",
        "throws_hand": "L",
        "bio": "",
        "photo_url": "",
        "created_at": "2026-03-01T08:38:29.881Z"
    }
},
{
    "model": "core.player",
    "pk": 29,
    "fields": {
        "first_name": "Rafael",
        "last_name": "Vargas",
        "birth_date": "2013-05-28",
        "height_cm": null,
        "weight_kg": null,
        "bats_hand": "S",
        "throws_hand": "R",
        "bio": "",
        "photo_url": "",
        "created_at": "2026-03-01T08:38:29.881Z"
    }
},
{
    "model": "core.player",
    "pk": 30,
    "fields": {
        "first_name": "Carlos",
        "last_name": "Reyes",
        "birth_date": "2013-02-14",
        "height_cm": null,
        "weight_kg": null,
        "bats_hand": "R",
        "throws_hand": "R",
        "bio": "",
        "photo_url": "",
        "created_at": "2026-03-01T08:38:29.881Z"
    }
},
{
    "model": "core.player",
    "pk": 31,
    "fields": {
        "first_name": "Gabriel",
        "last_name": "Flores",
        "birth_date": "2013-03-02",
        "height_cm": null,
        "weight_kg": null,
        "bats_hand": "R",
        "throws_hand": "L",
        "bio": "",
        "photo_url": "",
        "created_at": "2026-03-01T08:38:29.882Z"
    }
},
{
    "model": "core.player",
    "pk": 32,
    "fields": {
        "first_name": "Daniel",
        "last_name": "González",
        "birth_date": "2013-04-28",
        "height_cm": null,
        "weight_kg": null,
        "bats_hand": "R",
        "throws_hand": "R",
        "bio": "",
        "photo_url": "",
        "created_at": "2026-03-01T08:38:29.882Z"
    }
},
{
    "model": "core.player",
    "pk": 33,
    "fields": {
        "first_name": "Javier",
        "last_name": "Mendoza",
        "birth_date": "2013-08-19",
        "height_cm": null,
        "weight_kg": null,
        "bats_hand": "S",
        "throws_hand": "R",
        "bio": "",
        "photo_url": "",
        "created_at": "2026-03-01T08:38:29.883Z"
    }
},
{
    "model": "core.player",
    "pk": 34,
    "fields": {
        "first_name": "Roberto",
        "last_name": "Torres",
        "birth_date": "2013-04-08",
        "height_cm": null,
        "weight_kg": null,
        "bats_hand": "S",
        "throws_hand": "R",
        "bio": "",
        "photo_url": "",
        "created_at": "2026-03-01T08:38:29.883Z"
    }
},
{
    "model": "core.player",
    "pk": 35,
    "fields": {
        "first_name": "Bryan",
        "last_name": "Blanco",
        "birth_date": "2013-10-26",
        "height_cm": null,
        "weight_kg": null,
        "bats_hand": "S",
        "throws_hand": "R",
        "bio": "",
        "photo_url": "",
        "created_at": "2026-03-01T08:38:29.884Z"
    }
},
{
    "model": "core.player",
    "pk": 36,
    "fields": {
        "first_name": "Javier",
        "last_name": "Pérez",
        "birth_date": "2013-11-07",
        "height_cm": null,
        "weight_kg": null,
        "bats_hand": "R",
        "throws_hand": "R",
        "bio": "",
        "photo_url": "",
        "created_at": "2026-03-01T08:38:29.884Z"
    }
},
{
    "model": "core.player",
    "pk": 37,
    "fields": {
        "first_name": "Roberto",
        "last_name": "González",
        "birth_date": "2013-06-03",
        "height_cm": null,
        "weight_kg": null,
        "bats_hand": "S",
        "throws_hand": "L",
        "bio": "",
        "photo_url": "",
        "created_at": "2026-03-01T08:38:29.885Z"
    }
},
{
    "model": "core.player",
    "pk": 38,
    "fields": {
        "first_name": "Carlos",
        "last_name": "Morales",
        "birth_date": "2013-10-27",
        "height_cm": null,
        "weight_kg": null,
        "bats_hand": "S",
        "throws_hand": "R",
        "bio": "",
        "photo_url": "",
        "created_at": "2026-03-01T08:38:29.885Z"
    }
},
{
    "model": "core.player",
    "pk": 39,
    "fields": {
        "first_name": "Gabriel",
        "last_name": "Pérez",
        "birth_date": "2013-02-03",
        "height_cm": null,
        "weight_kg": null,
        "bats_hand": "R",
        "throws_hand": "R",
        "bio": "",
        "photo_url": "",
        "created_at": "2026-03-01T08:38:29.885Z"
    }
},
{
    "model": "core.player",
    "pk": 40,
    "fields": {
        "first_name": "Marcos",
        "last_name": "Acosta",
        "birth_date": "2013-12-27",
        "height_cm": null,
        "weight_kg": null,
        "bats_hand": "S",
        "throws_hand": "R",
        "bio": "",
        "photo_url": "",
        "created_at": "2026-03-01T08:38:29.886Z"
    }
},
{
    "model": "core.player",
    "pk": 41,
    "fields": {
        "first_name": "Juan",
        "last_name": "Suárez",
        "birth_date": "2013-02-16",
        "height_cm": null,
        "weight_kg": null,
        "bats_hand": "L",
        "throws_hand": "L",
        "bio": "",
        "photo_url": "",
        "created_at": "2026-03-01T08:38:29.886Z"
    }
},
{
    "model": "core.player",
    "pk": 42,
    "fields": {
        "first_name": "Andrés",
        "last_name": "Martínez",
        "birth_date": "2013-08-16",
        "height_cm": null,
        "weight_kg": null,
        "bats_hand": "S",
        "throws_hand": "R",
        "bio": "",
        "photo_url": "",
        "created_at": "2026-03-01T08:38:29.886Z"
    }
},
{
    "model": "core.player",
    "pk": 43,
    "fields": {
        "first_name": "Miguel",
        "last_name": "López",
        "birth_date": "2013-06-19",
        "height_cm": null,
        "weight_kg": null,
        "bats_hand": "R",
        "throws_hand": "L",
        "bio": "",
        "photo_url": "",
        "created_at": "2026-03-01T08:38:29.887Z"
    }
},
{
    "model": "core.player",
    "pk": 44,
    "fields": {
        "first_name": "Tomas",
        "last_name": "Suárez",
        "birth_date": "2013-12-27",
        "height_cm": null,
        "weight_kg": null,
        "bats_hand": "L",
        "throws_hand": "L",
        "bio": "",
        "photo_url": "",
        "created_at": "2026-03-01T08:38:29.888Z"
    }
},
{
    "model": "core.player",
    "pk": 45,
    "fields": {
        "first_name": "Mateo",
        "last_name": "Chávez",
        "birth_date": "2013-06-03",
        "height_cm": null,
        "weight_kg": null,
        "bats_hand": "S",
        "throws_hand": "L",
        "bio": "",
        "photo_url": "",
        "created_at": "2026-03-01T08:38:29.888Z"
    }
},
{
    "model": "core.player",
    "pk": 46,
    "fields": {
        "first_name": "Diego",
        "last_name": "Sánchez",
        "birth_date": "2013-03-25",
        "height_cm": null,
        "weight_kg": null,
        "bats_hand": "S",
        "throws_hand": "L",
        "bio": "",
        "photo_url": "",
        "created_at": "2026-03-01T08:38:29.889Z"
    }
},
{
    "model": "core.player",
    "pk": 47,
    "fields": {
        "first_name": "Roberto",
        "last_name": "Morales",
        "birth_date": "2013-01-14",
        "height_cm": null,
        "weight_kg": null,
        "bats_hand": "S",
        "throws_hand": "L",
        "bio": "",
        "photo_url": "",
        "created_at": "2026-03-01T08:38:29.889Z"
    }
},
{
    "model": "core.player",
    "pk": 48,
    "fields": {
        "first_name": "Carlos",
        "last_name": "Rodríguez",
        "birth_date": "2013-05-10",
        "height_cm": null,
        "weight_kg": null,
        "bats_hand": "S",
        "throws_hand": "L",
        "bio": "",
        "photo_url": "",
        "created_at": "2026-03-01T08:38:29.890Z"
    }
},
{
    "model": "core.roster",
    "pk": 1,
    "fields": {
        "team": 1,
        "player": 1,
        "jersey_number": 2,
        "position": "C",
        "is_active": true
    }
},
{
    "model": "core.roster",
    "pk": 2,
    "fields": {
        "team": 1,
        "player": 2,
        "jersey_number": 13,
        "position": "1B",
        "is_active": true
    }
},
{
    "model": "core.roster",
    "pk": 3,
    "fields": {
        "team": 1,
        "player": 3,
        "jersey_number": 99,
        "position": "2B",
        "is_active": true
    }
},
{
    "model": "core.roster",
    "pk": 4,
    "fields": {
        "team": 1,
        "player": 4,
        "jersey_number": 19,
        "position": "3B",
        "is_active": true
    }
},
{
    "model": "core.roster",
    "pk": 5,
    "fields": {
        "team": 1,
        "player": 5,
        "jersey_number": 77,
        "position": "SS",
        "is_active": true
    }
},
{
    "model": "core.roster",
    "pk": 6,
    "fields": {
        "team": 1,
        "player": 6,
        "jersey_number": 68,
        "position": "LF",
        "is_active": true
    }
},
{
    "model": "core.roster",
    "pk": 7,
    "fields": {
        "team": 1,
        "player": 7,
        "jersey_number": 15,
        "position": "CF",
        "is_active": true
    }
},
{
    "model": "core.roster",
    "pk": 8,
    "fields": {
        "team": 1,
        "player": 8,
        "jersey_number": 47,
        "position": "RF",
        "is_active": true
    }
},
{
    "model": "core.roster",
    "pk": 9,
    "fields": {
        "team": 1,
        "player": 9,
        "jersey_number": 34,
        "position": "P",
        "is_active": true
    }
},
{
    "model": "core.roster",
    "pk": 10,
    "fields": {
        "team": 1,
        "player": 10,
        "jersey_number": 64,
        "position": "C",
        "is_active": true
    }
},
{
    "model": "core.roster",
    "pk": 11,
    "fields": {
        "team": 1,
        "player": 11,
        "jersey_number": 50,
        "position": "1B",
        "is_active": true
    }
},
{
    "model": "core.roster",
    "pk": 12,
    "fields": {
        "team": 1,
        "player": 12,
        "jersey_number": 15,
        "position": "2B",
        "is_active": true
    }
},
{
    "model": "core.roster",
    "pk": 13,
    "fields": {
        "team": 2,
        "player": 13,
        "jersey_number": 79,
        "position": "C",
        "is_active": true
    }
},
{
    "model": "core.roster",
    "pk": 14,
    "fields": {
        "team": 2,
        "player": 14,
        "jersey_number": 18,
        "position": "1B",
        "is_active": true
    }
},
{
    "model": "core.roster",
    "pk": 15,
    "fields": {
        "team": 2,
        "player": 15,
        "jersey_number": 45,
        "position": "2B",
        "is_active": true
    }
},
{
    "model": "core.roster",
    "pk": 16,
    "fields": {
        "team": 2,
        "player": 16,
        "jersey_number": 59,
        "position": "3B",
        "is_active": true
    }
},
{
    "model": "core.roster",
    "pk": 17,
    "fields": {
        "team": 2,
        "player": 17,
        "jersey_number": 71,
        "position": "SS",
        "is_active": true
    }
},
{
    "model": "core.roster",
    "pk": 18,
    "fields": {
        "team": 2,
        "player": 18,
        "jersey_number": 13,
        "position": "LF",
        "is_active": true
    }
},
{
    "model": "core.roster",
    "pk": 19,
    "fields": {
        "team": 2,
        "player": 19,
        "jersey_number": 65,
        "position": "CF",
        "is_active": true
    }
},
{
    "model": "core.roster",
    "pk": 20,
    "fields": {
        "team": 2,
        "player": 20,
        "jersey_number": 28,
        "position": "RF",
        "is_active": true
    }
},
{
    "model": "core.roster",
    "pk": 21,
    "fields": {
        "team": 2,
        "player": 21,
        "jersey_number": 40,
        "position": "P",
        "is_active": true
    }
},
{
    "model": "core.roster",
    "pk": 22,
    "fields": {
        "team": 2,
        "player": 22,
        "jersey_number": 91,
        "position": "C",
        "is_active": true
    }
},
{
    "model": "core.roster",
    "pk": 23,
    "fields": {
        "team": 2,
        "player": 23,
        "jersey_number": 14,
        "position": "1B",
        "is_active": true
    }
},
{
    "model": "core.roster",
    "pk": 24,
    "fields": {
        "team": 2,
        "player": 24,
        "jersey_number": 95,
        "position": "2B",
        "is_active": true
    }
},
{
    "model": "core.roster",
    "pk": 25,
    "fields": {
        "team": 3,
        "player": 25,
        "jersey_number": 68,
        "position": "C",
        "is_active": true
    }
},
{
    "model": "core.roster",
    "pk": 26,
    "fields": {
        "team": 3,
        "player": 26,
        "jersey_number": 91,
        "position": "1B",
        "is_active": true
    }
},
{
    "model": "core.roster",
    "pk": 27,
    "fields": {
        "team": 3,
        "player": 27,
        "jersey_number": 27,
        "position": "2B",
        "is_active": true
    }
},
{
    "model": "core.roster",
    "pk": 28,
    "fields": {
        "team": 3,
        "player": 28,
        "jersey_number": 75,
        "position": "3B",
        "is_active": true
    }
},
{
    "model": "core.roster",
    "pk": 29,
    "fields": {
        "team": 3,
        "player": 29,
        "jersey_number": 73,
        "position": "SS",
        "is_active": true
    }
},
{
    "model": "core.roster",
    "pk": 30,
    "fields": {
        "team": 3,
        "player": 30,
        "jersey_number": 99,
        "position": "LF",
        "is_active": true
    }
},
{
    "model": "core.roster",
    "pk": 31,
    "fields": {
        "team": 3,
        "player": 31,
        "jersey_number": 81,
        "position": "CF",
        "is_active": true
    }
},
{
    "model": "core.roster",
    "pk": 32,
    "fields": {
        "team": 3,
        "player": 32,
        "jersey_number": 23,
        "position": "RF",
        "is_active": true
    }
},
{
    "model": "core.roster",
    "pk": 33,
    "fields": {
        "team": 3,
        "player": 33,
        "jersey_number": 97,
        "position": "P",
        "is_active": true
    }
},
{
    "model": "core.roster",
    "pk": 34,
    "fields": {
        "team": 3,
        "player": 34,
        "jersey_number": 73,
        "position": "C",
        "is_active": true
    }
},
{
    "model": "core.roster",
    "pk": 35,
    "fields": {
        "team": 3,
        "player": 35,
        "jersey_number": 90,
        "position": "1B",
        "is_active": true
    }
},
{
    "model": "core.roster",
    "pk": 36,
    "fields": {
        "team": 3,
        "player": 36,
        "jersey_number": 4,
        "position": "2B",
        "is_active": true
    }
},
{
    "model": "core.roster",
    "pk": 37,
    "fields": {
        "team": 4,
        "player": 37,
        "jersey_number": 82,
        "position": "C",
        "is_active": true
    }
},
{
    "model": "core.roster",
    "pk": 38,
    "fields": {
        "team": 4,
        "player": 38,
        "jersey_number": 65,
        "position": "1B",
        "is_active": true
    }
},
{
    "model": "core.roster",
    "pk": 39,
    "fields": {
        "team": 4,
        "player": 39,
        "jersey_number": 32,
        "position": "2B",
        "is_active": true
    }
},
{
    "model": "core.roster",
    "pk": 40,
    "fields": {
        "team": 4,
        "player": 40,
        "jersey_number": 5,
        "position": "3B",
        "is_active": true
    }
},
{
    "model": "core.roster",
    "pk": 41,
    "fields": {
        "team": 4,
        "player": 41,
        "jersey_number": 7,
        "position": "SS",
        "is_active": true
    }
},
{
    "model": "core.roster",
    "pk": 42,
    "fields": {
        "team": 4,
        "player": 42,
        "jersey_number": 13,
        "position": "LF",
        "is_active": true
    }
},
{
    "model": "core.roster",
    "pk": 43,
    "fields": {
        "team": 4,
        "player": 43,
        "jersey_number": 91,
        "position": "CF",
        "is_active": true
    }
},
{
    "model": "core.roster",
    "pk": 44,
    "fields": {
        "team": 4,
        "player": 44,
        "jersey_number": 51,
        "position": "RF",
        "is_active": true
    }
},
{
    "model": "core.roster",
    "pk": 45,
    "fields": {
        "team": 4,
        "player": 45,
        "jersey_number": 84,
        "position": "P",
        "is_active": true
    }
},
{
    "model": "core.roster",
    "pk": 46,
    "fields": {
        "team": 4,
        "player": 46,
        "jersey_number": 44,
        "position": "C",
        "is_active": true
    }
},
{
    "model": "core.roster",
    "pk": 47,
    "fields": {
        "team": 4,
        "player": 47,
        "jersey_number": 83,
        "position": "1B",
        "is_active": true
    }
},
{
    "model": "core.roster",
    "pk": 48,
    "fields": {
        "team": 4,
        "player": 48,
        "jersey_number": 43,
        "position": "2B",
        "is_active": true
    }
},
{
    "model": "core.stadium",
    "pk": 1,
    "fields": {
        "name": "Estadio Universitario",
        "location": "Caracas, Venezuela"
    }
},
{
    "model": "core.stadium",
    "pk": 2,
    "fields": {
        "name": "Polideportivo Chacao",
        "location": "Caracas, Venezuela"
    }
},
{
    "model": "core.stadium",
    "pk": 3,
    "fields": {
        "name": "Campo Las Marías",
        "location": "Caracas, Venezuela"
    }
},
{
    "model": "core.stadium",
    "pk": 4,
    "fields": {
        "name": "Estadio La Planicie",
        "location": "Caracas, Venezuela"
    }
},
{
    "model": "core.game",
    "pk": 1,
    "fields": {
        "season": 1,
        "category": 2,
        "home_team": 4,
        "away_team": 3,
        "stadium": 4,
        "game_date": "2026-02-23T08:38:29.891Z",
        "status": "finished",
        "home_score": 7,
        "away_score": 3,
        "winning_pitcher": null,
        "losing_pitcher": null,
        "save_pitcher": null
    }
},
{
    "model": "core.game",
    "pk": 2,
    "fields": {
        "season": 1,
        "category": 2,
        "home_team": 4,
        "away_team": 3,
        "stadium": 1,
        "game_date": "2026-02-18T08:38:29.896Z",
        "status": "finished",
        "home_score": 4,
        "away_score": 0,
        "winning_pitcher": null,
        "losing_pitcher": null,
        "save_pitcher": null
    }
},
{
    "model": "core.game",
    "pk": 3,
    "fields": {
        "season": 1,
        "category": 1,
        "home_team": 1,
        "away_team": 2,
        "stadium": 1,
        "game_date": "2026-02-23T08:38:29.900Z",
        "status": "finished",
        "home_score": 0,
        "away_score": 8,
        "winning_pitcher": null,
        "losing_pitcher": null,
        "save_pitcher": null
    }
},
{
    "model": "core.game",
    "pk": 4,
    "fields": {
        "season": 1,
        "category": 2,
        "home_team": 3,
        "away_team": 4,
        "stadium": 1,
        "game_date": "2026-02-23T08:38:29.904Z",
        "status": "finished",
        "home_score": 5,
        "away_score": 2,
        "winning_pitcher": null,
        "losing_pitcher": null,
        "save_pitcher": null
    }
},
{
    "model": "core.game",
    "pk": 5,
    "fields": {
        "season": 1,
        "category": 1,
        "home_team": 1,
        "away_team": 2,
        "stadium": 2,
        "game_date": "2026-02-20T08:38:29.907Z",
        "status": "finished",
        "home_score": 1,
        "away_score": 5,
        "winning_pitcher": null,
        "losing_pitcher": null,
        "save_pitcher": null
    }
},
{
    "model": "core.game",
    "pk": 6,
    "fields": {
        "season": 1,
        "category": 1,
        "home_team": 2,
        "away_team": 1,
        "stadium": 1,
        "game_date": "2026-02-15T08:38:29.910Z",
        "status": "finished",
        "home_score": 10,
        "away_score": 1,
        "winning_pitcher": null,
        "losing_pitcher": null,
        "save_pitcher": null
    }
},
{
    "model": "core.game",
    "pk": 7,
    "fields": {
        "season": 1,
        "category": 2,
        "home_team": 4,
        "away_team": 3,
        "stadium": 2,
        "game_date": "2026-02-27T08:38:29.913Z",
        "status": "finished",
        "home_score": 5,
        "away_score": 0,
        "winning_pitcher": null,
        "losing_pitcher": null,
        "save_pitcher": null
    }
},
{
    "model": "core.game",
    "pk": 8,
    "fields": {
        "season": 1,
        "category": 2,
        "home_team": 3,
        "away_team": 4,
        "stadium": 2,
        "game_date": "2026-02-23T08:38:29.916Z",
        "status": "finished",
        "home_score": 3,
        "away_score": 6,
        "winning_pitcher": null,
        "losing_pitcher": null,
        "save_pitcher": null
    }
},
{
    "model": "core.game",
    "pk": 9,
    "fields": {
        "season": 1,
        "category": 1,
        "home_team": 1,
        "away_team": 2,
        "stadium": 2,
        "game_date": "2026-02-22T08:38:29.920Z",
        "status": "finished",
        "home_score": 2,
        "away_score": 10,
        "winning_pitcher": null,
        "losing_pitcher": null,
        "save_pitcher": null
    }
},
{
    "model": "core.game",
    "pk": 10,
    "fields": {
        "season": 1,
        "category": 1,
        "home_team": 1,
        "away_team": 2,
        "stadium": 1,
        "game_date": "2026-02-13T08:38:29.923Z",
        "status": "finished",
        "home_score": 6,
        "away_score": 4,
        "winning_pitcher": null,
        "losing_pitcher": null,
        "save_pitcher": null
    }
},
{
    "model": "core.game",
    "pk": 11,
    "fields": {
        "season": 1,
        "category": 2,
        "home_team": 4,
        "away_team": 3,
        "stadium": 2,
        "game_date": "2026-02-11T08:38:29.926Z",
        "status": "finished",
        "home_score": 1,
        "away_score": 6,
        "winning_pitcher": null,
        "losing_pitcher": null,
        "save_pitcher": null
    }
},
{
    "model": "core.game",
    "pk": 12,
    "fields": {
        "season": 1,
        "category": 2,
        "home_team": 3,
        "away_team": 4,
        "stadium": 3,
        "game_date": "2026-02-11T08:38:29.930Z",
        "status": "finished",
        "home_score": 0,
        "away_score": 8,
        "winning_pitcher": null,
        "losing_pitcher": null,
        "save_pitcher": null
    }
},
{
    "model": "core.game",
    "pk": 13,
    "fields": {
        "season": 1,
        "category": 1,
        "home_team": 1,
        "away_team": 4,
        "stadium": 4,
        "game_date": "2026-03-07T13:45:00Z",
        "status": "scheduled",
        "home_score": 0,
        "away_score": 0,
        "winning_pitcher": null,
        "losing_pitcher": null,
        "save_pitcher": null
    }
},
{
    "model": "core.statsbatting",
    "pk": 1,
    "fields": {
        "game": 1,
        "team": 4,
        "player": 37,
        "pa": 6,
        "ab": 4,
        "r": 2,
        "h": 3,
        "doubles": 1,
        "triples": 0,
        "hr": 1,
        "rbi": 0,
        "bb": 2,
        "so": 2,
        "sb": 1,
        "cs": 0,
        "hbp": 0,
        "sf": 0,
        "created_at": "2026-03-01T08:38:29.938Z"
    }
},
{
    "model": "core.statsbatting",
    "pk": 2,
    "fields": {
        "game": 1,
        "team": 4,
        "player": 38,
        "pa": 4,
        "ab": 3,
        "r": 2,
        "h": 1,
        "doubles": 1,
        "triples": 0,
        "hr": 0,
        "rbi": 2,
        "bb": 1,
        "so": 0,
        "sb": 1,
        "cs": 0,
        "hbp": 0,
        "sf": 0,
        "created_at": "2026-03-01T08:38:29.943Z"
    }
},
{
    "model": "core.statsbatting",
    "pk": 3,
    "fields": {
        "game": 1,
        "team": 4,
        "player": 39,
        "pa": 4,
        "ab": 3,
        "r": 2,
        "h": 2,
        "doubles": 0,
        "triples": 0,
        "hr": 0,
        "rbi": 2,
        "bb": 1,
        "so": 2,
        "sb": 1,
        "cs": 0,
        "hbp": 0,
        "sf": 0,
        "created_at": "2026-03-01T08:38:29.945Z"
    }
},
{
    "model": "core.statsbatting",
    "pk": 4,
    "fields": {
        "game": 1,
        "team": 4,
        "player": 40,
        "pa": 4,
        "ab": 3,
        "r": 0,
        "h": 3,
        "doubles": 0,
        "triples": 0,
        "hr": 1,
        "rbi": 2,
        "bb": 1,
        "so": 2,
        "sb": 1,
        "cs": 0,
        "hbp": 0,
        "sf": 0,
        "created_at": "2026-03-01T08:38:29.948Z"
    }
},
{
    "model": "core.statsbatting",
    "pk": 5,
    "fields": {
        "game": 1,
        "team": 4,
        "player": 41,
        "pa": 3,
        "ab": 2,
        "r": 2,
        "h": 2,
        "doubles": 1,
        "triples": 0,
        "hr": 1,
        "rbi": 0,
        "bb": 1,
        "so": 0,
        "sb": 0,
        "cs": 0,
        "hbp": 0,
        "sf": 0,
        "created_at": "2026-03-01T08:38:29.951Z"
    }
},
{
    "model": "core.statsbatting",
    "pk": 6,
    "fields": {
        "game": 1,
        "team": 4,
        "player": 42,
        "pa": 4,
        "ab": 4,
        "r": 0,
        "h": 2,
        "doubles": 1,
        "triples": 0,
        "hr": 0,
        "rbi": 0,
        "bb": 0,
        "so": 2,
        "sb": 0,
        "cs": 0,
        "hbp": 0,
        "sf": 0,
        "created_at": "2026-03-01T08:38:29.954Z"
    }
},
{
    "model": "core.statsbatting",
    "pk": 7,
    "fields": {
        "game": 1,
        "team": 4,
        "player": 43,
        "pa": 2,
        "ab": 2,
        "r": 0,
        "h": 2,
        "doubles": 1,
        "triples": 0,
        "hr": 1,
        "rbi": 1,
        "bb": 0,
        "so": 0,
        "sb": 0,
        "cs": 0,
        "hbp": 0,
        "sf": 0,
        "created_at": "2026-03-01T08:38:29.956Z"
    }
},
{
    "model": "core.statsbatting",
    "pk": 8,
    "fields": {
        "game": 1,
        "team": 4,
        "player": 44,
        "pa": 5,
        "ab": 3,
        "r": 0,
        "h": 3,
        "doubles": 0,
        "triples": 0,
        "hr": 1,
        "rbi": 0,
        "bb": 2,
        "so": 2,
        "sb": 1,
        "cs": 0,
        "hbp": 0,
        "sf": 0,
        "created_at": "2026-03-01T08:38:29.958Z"
    }
},
{
    "model": "core.statsbatting",
    "pk": 9,
    "fields": {
        "game": 1,
        "team": 4,
        "player": 45,
        "pa": 6,
        "ab": 4,
        "r": 0,
        "h": 0,
        "doubles": 0,
        "triples": 0,
        "hr": 0,
        "rbi": 0,
        "bb": 2,
        "so": 2,
        "sb": 0,
        "cs": 0,
        "hbp": 0,
        "sf": 0,
        "created_at": "2026-03-01T08:38:29.960Z"
    }
},
{
    "model": "core.statsbatting",
    "pk": 10,
    "fields": {
        "game": 1,
        "team": 4,
        "player": 46,
        "pa": 6,
        "ab": 4,
        "r": 1,
        "h": 2,
        "doubles": 1,
        "triples": 0,
        "hr": 1,
        "rbi": 2,
        "bb": 2,
        "so": 1,
        "sb": 1,
        "cs": 0,
        "hbp": 0,
        "sf": 0,
        "created_at": "2026-03-01T08:38:29.962Z"
    }
},
{
    "model": "core.statsbatting",
    "pk": 11,
    "fields": {
        "game": 1,
        "team": 4,
        "player": 47,
        "pa": 2,
        "ab": 2,
        "r": 1,
        "h": 0,
        "doubles": 0,
        "triples": 0,
        "hr": 0,
        "rbi": 1,
        "bb": 0,
        "so": 0,
        "sb": 0,
        "cs": 0,
        "hbp": 0,
        "sf": 0,
        "created_at": "2026-03-01T08:38:29.964Z"
    }
},
{
    "model": "core.statsbatting",
    "pk": 12,
    "fields": {
        "game": 1,
        "team": 4,
        "player": 48,
        "pa": 3,
        "ab": 2,
        "r": 2,
        "h": 1,
        "doubles": 1,
        "triples": 0,
        "hr": 1,
        "rbi": 1,
        "bb": 1,
        "so": 1,
        "sb": 0,
        "cs": 0,
        "hbp": 0,
        "sf": 0,
        "created_at": "2026-03-01T08:38:29.967Z"
    }
},
{
    "model": "core.statsbatting",
    "pk": 13,
    "fields": {
        "game": 1,
        "team": 3,
        "player": 25,
        "pa": 5,
        "ab": 3,
        "r": 1,
        "h": 0,
        "doubles": 0,
        "triples": 0,
        "hr": 0,
        "rbi": 2,
        "bb": 2,
        "so": 0,
        "sb": 1,
        "cs": 0,
        "hbp": 0,
        "sf": 0,
        "created_at": "2026-03-01T08:38:29.971Z"
    }
},
{
    "model": "core.statsbatting",
    "pk": 14,
    "fields": {
        "game": 1,
        "team": 3,
        "player": 26,
        "pa": 4,
        "ab": 2,
        "r": 1,
        "h": 1,
        "doubles": 1,
        "triples": 0,
        "hr": 0,
        "rbi": 1,
        "bb": 2,
        "so": 0,
        "sb": 1,
        "cs": 0,
        "hbp": 0,
        "sf": 0,
        "created_at": "2026-03-01T08:38:29.973Z"
    }
},
{
    "model": "core.statsbatting",
    "pk": 15,
    "fields": {
        "game": 1,
        "team": 3,
        "player": 27,
        "pa": 5,
        "ab": 3,
        "r": 2,
        "h": 1,
        "doubles": 0,
        "triples": 0,
        "hr": 0,
        "rbi": 2,
        "bb": 2,
        "so": 2,
        "sb": 0,
        "cs": 0,
        "hbp": 0,
        "sf": 0,
        "created_at": "2026-03-01T08:38:29.975Z"
    }
},
{
    "model": "core.statsbatting",
    "pk": 16,
    "fields": {
        "game": 1,
        "team": 3,
        "player": 28,
        "pa": 2,
        "ab": 2,
        "r": 0,
        "h": 2,
        "doubles": 0,
        "triples": 0,
        "hr": 0,
        "rbi": 0,
        "bb": 0,
        "so": 0,
        "sb": 1,
        "cs": 0,
        "hbp": 0,
        "sf": 0,
        "created_at": "2026-03-01T08:38:29.977Z"
    }
},
{
    "model": "core.statsbatting",
    "pk": 17,
    "fields": {
        "game": 1,
        "team": 3,
        "player": 29,
        "pa": 3,
        "ab": 3,
        "r": 1,
        "h": 0,
        "doubles": 0,
        "triples": 0,
        "hr": 0,
        "rbi": 0,
        "bb": 0,
        "so": 1,
        "sb": 0,
        "cs": 0,
        "hbp": 0,
        "sf": 0,
        "created_at": "2026-03-01T08:38:29.979Z"
    }
},
{
    "model": "core.statsbatting",
    "pk": 18,
    "fields": {
        "game": 1,
        "team": 3,
        "player": 30,
        "pa": 3,
        "ab": 2,
        "r": 0,
        "h": 0,
        "doubles": 0,
        "triples": 0,
        "hr": 0,
        "rbi": 0,
        "bb": 1,
        "so": 2,
        "sb": 0,
        "cs": 0,
        "hbp": 0,
        "sf": 0,
        "created_at": "2026-03-01T08:38:29.982Z"
    }
},
{
    "model": "core.statsbatting",
    "pk": 19,
    "fields": {
        "game": 1,
        "team": 3,
        "player": 31,
        "pa": 6,
        "ab": 4,
        "r": 0,
        "h": 4,
        "doubles": 1,
        "triples": 0,
        "hr": 1,
        "rbi": 2,
        "bb": 2,
        "so": 1,
        "sb": 0,
        "cs": 0,
        "hbp": 0,
        "sf": 0,
        "created_at": "2026-03-01T08:38:29.984Z"
    }
},
{
    "model": "core.statsbatting",
    "pk": 20,
    "fields": {
        "game": 1,
        "team": 3,
        "player": 32,
        "pa": 3,
        "ab": 3,
        "r": 2,
        "h": 2,
        "doubles": 0,
        "triples": 0,
        "hr": 0,
        "rbi": 2,
        "bb": 0,
        "so": 1,
        "sb": 1,
        "cs": 0,
        "hbp": 0,
        "sf": 0,
        "created_at": "2026-03-01T08:38:29.986Z"
    }
},
{
    "model": "core.statsbatting",
    "pk": 21,
    "fields": {
        "game": 1,
        "team": 3,
        "player": 33,
        "pa": 5,
        "ab": 3,
        "r": 2,
        "h": 3,
        "doubles": 0,
        "triples": 0,
        "hr": 1,
        "rbi": 2,
        "bb": 2,
        "so": 2,
        "sb": 1,
        "cs": 0,
        "hbp": 0,
        "sf": 0,
        "created_at": "2026-03-01T08:38:29.989Z"
    }
},
{
    "model": "core.statsbatting",
    "pk": 22,
    "fields": {
        "game": 1,
        "team": 3,
        "player": 34,
        "pa": 6,
        "ab": 4,
        "r": 1,
        "h": 3,
        "doubles": 1,
        "triples": 0,
        "hr": 0,
        "rbi": 0,
        "bb": 2,
        "so": 0,
        "sb": 0,
        "cs": 0,
        "hbp": 0,
        "sf": 0,
        "created_at": "2026-03-01T08:38:29.991Z"
    }
},
{
    "model": "core.statsbatting",
    "pk": 23,
    "fields": {
        "game": 1,
        "team": 3,
        "player": 35,
        "pa": 4,
        "ab": 3,
        "r": 0,
        "h": 2,
        "doubles": 1,
        "triples": 0,
        "hr": 1,
        "rbi": 1,
        "bb": 1,
        "so": 0,
        "sb": 1,
        "cs": 0,
        "hbp": 0,
        "sf": 0,
        "created_at": "2026-03-01T08:38:29.993Z"
    }
},
{
    "model": "core.statsbatting",
    "pk": 24,
    "fields": {
        "game": 1,
        "team": 3,
        "player": 36,
        "pa": 3,
        "ab": 3,
        "r": 1,
        "h": 2,
        "doubles": 0,
        "triples": 0,
        "hr": 0,
        "rbi": 1,
        "bb": 0,
        "so": 1,
        "sb": 1,
        "cs": 0,
        "hbp": 0,
        "sf": 0,
        "created_at": "2026-03-01T08:38:29.996Z"
    }
},
{
    "model": "core.statsbatting",
    "pk": 25,
    "fields": {
        "game": 2,
        "team": 4,
        "player": 37,
        "pa": 4,
        "ab": 4,
        "r": 0,
        "h": 3,
        "doubles": 1,
        "triples": 0,
        "hr": 1,
        "rbi": 3,
        "bb": 0,
        "so": 1,
        "sb": 1,
        "cs": 0,
        "hbp": 0,
        "sf": 0,
        "created_at": "2026-03-01T08:38:30.001Z"
    }
},
{
    "model": "core.statsbatting",
    "pk": 26,
    "fields": {
        "game": 2,
        "team": 4,
        "player": 38,
        "pa": 4,
        "ab": 4,
        "r": 2,
        "h": 3,
        "doubles": 0,
        "triples": 0,
        "hr": 1,
        "rbi": 2,
        "bb": 0,
        "so": 2,
        "sb": 1,
        "cs": 0,
        "hbp": 0,
        "sf": 0,
        "created_at": "2026-03-01T08:38:30.003Z"
    }
},
{
    "model": "core.statsbatting",
    "pk": 27,
    "fields": {
        "game": 2,
        "team": 4,
        "player": 39,
        "pa": 4,
        "ab": 3,
        "r": 2,
        "h": 3,
        "doubles": 1,
        "triples": 0,
        "hr": 1,
        "rbi": 3,
        "bb": 1,
        "so": 2,
        "sb": 1,
        "cs": 0,
        "hbp": 0,
        "sf": 0,
        "created_at": "2026-03-01T08:38:30.005Z"
    }
},
{
    "model": "core.statsbatting",
    "pk": 28,
    "fields": {
        "game": 2,
        "team": 4,
        "player": 40,
        "pa": 4,
        "ab": 4,
        "r": 0,
        "h": 1,
        "doubles": 1,
        "triples": 0,
        "hr": 1,
        "rbi": 2,
        "bb": 0,
        "so": 1,
        "sb": 1,
        "cs": 0,
        "hbp": 0,
        "sf": 0,
        "created_at": "2026-03-01T08:38:30.007Z"
    }
},
{
    "model": "core.statsbatting",
    "pk": 29,
    "fields": {
        "game": 2,
        "team": 4,
        "player": 41,
        "pa": 4,
        "ab": 2,
        "r": 0,
        "h": 2,
        "doubles": 1,
        "triples": 0,
        "hr": 1,
        "rbi": 1,
        "bb": 2,
        "so": 2,
        "sb": 0,
        "cs": 0,
        "hbp": 0,
        "sf": 0,
        "created_at": "2026-03-01T08:38:30.009Z"
    }
},
{
    "model": "core.statsbatting",
    "pk": 30,
    "fields": {
        "game": 2,
        "team": 4,
        "player": 42,
        "pa": 4,
        "ab": 2,
        "r": 1,
        "h": 1,
        "doubles": 0,
        "triples": 0,
        "hr": 1,
        "rbi": 0,
        "bb": 2,
        "so": 0,
        "sb": 0,
        "cs": 0,
        "hbp": 0,
        "sf": 0,
        "created_at": "2026-03-01T08:38:30.012Z"
    }
},
{
    "model": "core.statsbatting",
    "pk": 31,
    "fields": {
        "game": 2,
        "team": 4,
        "player": 43,
        "pa": 6,
        "ab": 5,
        "r": 0,
        "h": 5,
        "doubles": 1,
        "triples": 0,
        "hr": 1,
        "rbi": 2,
        "bb": 1,
        "so": 1,
        "sb": 0,
        "cs": 0,
        "hbp": 0,
        "sf": 0,
        "created_at": "2026-03-01T08:38:30.015Z"
    }
},
{
    "model": "core.statsbatting",
    "pk": 32,
    "fields": {
        "game": 2,
        "team": 4,
        "player": 44,
        "pa": 4,
        "ab": 2,
        "r": 0,
        "h": 1,
        "doubles": 0,
        "triples": 0,
        "hr": 0,
        "rbi": 1,
        "bb": 2,
        "so": 0,
        "sb": 1,
        "cs": 0,
        "hbp": 0,
        "sf": 0,
        "created_at": "2026-03-01T08:38:30.018Z"
    }
},
{
    "model": "core.statsbatting",
    "pk": 33,
    "fields": {
        "game": 2,
        "team": 4,
        "player": 45,
        "pa": 4,
        "ab": 3,
        "r": 1,
        "h": 3,
        "doubles": 0,
        "triples": 0,
        "hr": 0,
        "rbi": 3,
        "bb": 1,
        "so": 2,
        "sb": 1,
        "cs": 0,
        "hbp": 0,
        "sf": 0,
        "created_at": "2026-03-01T08:38:30.020Z"
    }
},
{
    "model": "core.statsbatting",
    "pk": 34,
    "fields": {
        "game": 2,
        "team": 4,
        "player": 46,
        "pa": 7,
        "ab": 5,
        "r": 0,
        "h": 1,
        "doubles": 1,
        "triples": 0,
        "hr": 1,
        "rbi": 1,
        "bb": 2,
        "so": 1,
        "sb": 0,
        "cs": 0,
        "hbp": 0,
        "sf": 0,
        "created_at": "2026-03-01T08:38:30.022Z"
    }
},
{
    "model": "core.statsbatting",
    "pk": 35,
    "fields": {
        "game": 2,
        "team": 4,
        "player": 47,
        "pa": 5,
        "ab": 3,
        "r": 0,
        "h": 1,
        "doubles": 0,
        "triples": 0,
        "hr": 0,
        "rbi": 1,
        "bb": 2,
        "so": 1,
        "sb": 1,
        "cs": 0,
        "hbp": 0,
        "sf": 0,
        "created_at": "2026-03-01T08:38:30.024Z"
    }
},
{
    "model": "core.statsbatting",
    "pk": 36,
    "fields": {
        "game": 2,
        "team": 4,
        "player": 48,
        "pa": 4,
        "ab": 2,
        "r": 2,
        "h": 0,
        "doubles": 0,
        "triples": 0,
        "hr": 0,
        "rbi": 1,
        "bb": 2,
        "so": 2,
        "sb": 1,
        "cs": 0,
        "hbp": 0,
        "sf": 0,
        "created_at": "2026-03-01T08:38:30.026Z"
    }
},
{
    "model": "core.statsbatting",
    "pk": 37,
    "fields": {
        "game": 2,
        "team": 3,
        "player": 25,
        "pa": 4,
        "ab": 3,
        "r": 2,
        "h": 1,
        "doubles": 1,
        "triples": 0,
        "hr": 0,
        "rbi": 0,
        "bb": 1,
        "so": 0,
        "sb": 0,
        "cs": 0,
        "hbp": 0,
        "sf": 0,
        "created_at": "2026-03-01T08:38:30.030Z"
    }
},
{
    "model": "core.statsbatting",
    "pk": 38,
    "fields": {
        "game": 2,
        "team": 3,
        "player": 26,
        "pa": 5,
        "ab": 3,
        "r": 1,
        "h": 0,
        "doubles": 0,
        "triples": 0,
        "hr": 0,
        "rbi": 1,
        "bb": 2,
        "so": 2,
        "sb": 1,
        "cs": 0,
        "hbp": 0,
        "sf": 0,
        "created_at": "2026-03-01T08:38:30.032Z"
    }
},
{
    "model": "core.statsbatting",
    "pk": 39,
    "fields": {
        "game": 2,
        "team": 3,
        "player": 27,
        "pa": 7,
        "ab": 5,
        "r": 2,
        "h": 1,
        "doubles": 1,
        "triples": 0,
        "hr": 1,
        "rbi": 3,
        "bb": 2,
        "so": 0,
        "sb": 1,
        "cs": 0,
        "hbp": 0,
        "sf": 0,
        "created_at": "2026-03-01T08:38:30.034Z"
    }
},
{
    "model": "core.statsbatting",
    "pk": 40,
    "fields": {
        "game": 2,
        "team": 3,
        "player": 28,
        "pa": 3,
        "ab": 3,
        "r": 1,
        "h": 0,
        "doubles": 0,
        "triples": 0,
        "hr": 0,
        "rbi": 0,
        "bb": 0,
        "so": 0,
        "sb": 1,
        "cs": 0,
        "hbp": 0,
        "sf": 0,
        "created_at": "2026-03-01T08:38:30.037Z"
    }
},
{
    "model": "core.statsbatting",
    "pk": 41,
    "fields": {
        "game": 2,
        "team": 3,
        "player": 29,
        "pa": 4,
        "ab": 3,
        "r": 0,
        "h": 0,
        "doubles": 0,
        "triples": 0,
        "hr": 0,
        "rbi": 2,
        "bb": 1,
        "so": 2,
        "sb": 0,
        "cs": 0,
        "hbp": 0,
        "sf": 0,
        "created_at": "2026-03-01T08:38:30.039Z"
    }
},
{
    "model": "core.statsbatting",
    "pk": 42,
    "fields": {
        "game": 2,
        "team": 3,
        "player": 30,
        "pa": 7,
        "ab": 5,
        "r": 0,
        "h": 5,
        "doubles": 1,
        "triples": 0,
        "hr": 0,
        "rbi": 2,
        "bb": 2,
        "so": 0,
        "sb": 0,
        "cs": 0,
        "hbp": 0,
        "sf": 0,
        "created_at": "2026-03-01T08:38:30.042Z"
    }
},
{
    "model": "core.statsbatting",
    "pk": 43,
    "fields": {
        "game": 2,
        "team": 3,
        "player": 31,
        "pa": 4,
        "ab": 3,
        "r": 2,
        "h": 1,
        "doubles": 0,
        "triples": 0,
        "hr": 0,
        "rbi": 0,
        "bb": 1,
        "so": 1,
        "sb": 0,
        "cs": 0,
        "hbp": 0,
        "sf": 0,
        "created_at": "2026-03-01T08:38:30.044Z"
    }
},
{
    "model": "core.statsbatting",
    "pk": 44,
    "fields": {
        "game": 2,
        "team": 3,
        "player": 32,
        "pa": 3,
        "ab": 3,
        "r": 0,
        "h": 0,
        "doubles": 0,
        "triples": 0,
        "hr": 0,
        "rbi": 0,
        "bb": 0,
        "so": 0,
        "sb": 1,
        "cs": 0,
        "hbp": 0,
        "sf": 0,
        "created_at": "2026-03-01T08:38:30.046Z"
    }
},
{
    "model": "core.statsbatting",
    "pk": 45,
    "fields": {
        "game": 2,
        "team": 3,
        "player": 33,
        "pa": 4,
        "ab": 4,
        "r": 2,
        "h": 0,
        "doubles": 0,
        "triples": 0,
        "hr": 0,
        "rbi": 0,
        "bb": 0,
        "so": 1,
        "sb": 0,
        "cs": 0,
        "hbp": 0,
        "sf": 0,
        "created_at": "2026-03-01T08:38:30.048Z"
    }
},
{
    "model": "core.statsbatting",
    "pk": 46,
    "fields": {
        "game": 2,
        "team": 3,
        "player": 34,
        "pa": 4,
        "ab": 2,
        "r": 2,
        "h": 1,
        "doubles": 1,
        "triples": 0,
        "hr": 0,
        "rbi": 0,
        "bb": 2,
        "so": 2,
        "sb": 1,
        "cs": 0,
        "hbp": 0,
        "sf": 0,
        "created_at": "2026-03-01T08:38:30.051Z"
    }
},
{
    "model": "core.statsbatting",
    "pk": 47,
    "fields": {
        "game": 2,
        "team": 3,
        "player": 35,
        "pa": 4,
        "ab": 4,
        "r": 2,
        "h": 2,
        "doubles": 0,
        "triples": 0,
        "hr": 0,
        "rbi": 0,
        "bb": 0,
        "so": 1,
        "sb": 0,
        "cs": 0,
        "hbp": 0,
        "sf": 0,
        "created_at": "2026-03-01T08:38:30.054Z"
    }
},
{
    "model": "core.statsbatting",
    "pk": 48,
    "fields": {
        "game": 2,
        "team": 3,
        "player": 36,
        "pa": 5,
        "ab": 4,
        "r": 1,
        "h": 1,
        "doubles": 1,
        "triples": 0,
        "hr": 1,
        "rbi": 0,
        "bb": 1,
        "so": 1,
        "sb": 0,
        "cs": 0,
        "hbp": 0,
        "sf": 0,
        "created_at": "2026-03-01T08:38:30.056Z"
    }
},
{
    "model": "core.statsbatting",
    "pk": 49,
    "fields": {
        "game": 3,
        "team": 1,
        "player": 1,
        "pa": 4,
        "ab": 2,
        "r": 0,
        "h": 2,
        "doubles": 1,
        "triples": 0,
        "hr": 0,
        "rbi": 2,
        "bb": 2,
        "so": 1,
        "sb": 1,
        "cs": 0,
        "hbp": 0,
        "sf": 0,
        "created_at": "2026-03-01T08:38:30.059Z"
    }
},
{
    "model": "core.statsbatting",
    "pk": 50,
    "fields": {
        "game": 3,
        "team": 1,
        "player": 2,
        "pa": 5,
        "ab": 4,
        "r": 2,
        "h": 0,
        "doubles": 0,
        "triples": 0,
        "hr": 0,
        "rbi": 0,
        "bb": 1,
        "so": 0,
        "sb": 0,
        "cs": 0,
        "hbp": 0,
        "sf": 0,
        "created_at": "2026-03-01T08:38:30.061Z"
    }
},
{
    "model": "core.statsbatting",
    "pk": 51,
    "fields": {
        "game": 3,
        "team": 1,
        "player": 3,
        "pa": 2,
        "ab": 2,
        "r": 0,
        "h": 2,
        "doubles": 0,
        "triples": 0,
        "hr": 0,
        "rbi": 0,
        "bb": 0,
        "so": 1,
        "sb": 1,
        "cs": 0,
        "hbp": 0,
        "sf": 0,
        "created_at": "2026-03-01T08:38:30.063Z"
    }
},
{
    "model": "core.statsbatting",
    "pk": 52,
    "fields": {
        "game": 3,
        "team": 1,
        "player": 4,
        "pa": 3,
        "ab": 3,
        "r": 1,
        "h": 0,
        "doubles": 0,
        "triples": 0,
        "hr": 0,
        "rbi": 3,
        "bb": 0,
        "so": 1,
        "sb": 1,
        "cs": 0,
        "hbp": 0,
        "sf": 0,
        "created_at": "2026-03-01T08:38:30.065Z"
    }
},
{
    "model": "core.statsbatting",
    "pk": 53,
    "fields": {
        "game": 3,
        "team": 1,
        "player": 5,
        "pa": 5,
        "ab": 4,
        "r": 0,
        "h": 3,
        "doubles": 1,
        "triples": 0,
        "hr": 1,
        "rbi": 0,
        "bb": 1,
        "so": 0,
        "sb": 0,
        "cs": 0,
        "hbp": 0,
        "sf": 0,
        "created_at": "2026-03-01T08:38:30.068Z"
    }
},
{
    "model": "core.statsbatting",
    "pk": 54,
    "fields": {
        "game": 3,
        "team": 1,
        "player": 6,
        "pa": 5,
        "ab": 3,
        "r": 1,
        "h": 2,
        "doubles": 1,
        "triples": 0,
        "hr": 0,
        "rbi": 1,
        "bb": 2,
        "so": 0,
        "sb": 0,
        "cs": 0,
        "hbp": 0,
        "sf": 0,
        "created_at": "2026-03-01T08:38:30.070Z"
    }
},
{
    "model": "core.statsbatting",
    "pk": 55,
    "fields": {
        "game": 3,
        "team": 1,
        "player": 7,
        "pa": 4,
        "ab": 3,
        "r": 1,
        "h": 2,
        "doubles": 1,
        "triples": 0,
        "hr": 0,
        "rbi": 3,
        "bb": 1,
        "so": 0,
        "sb": 1,
        "cs": 0,
        "hbp": 0,
        "sf": 0,
        "created_at": "2026-03-01T08:38:30.072Z"
    }
},
{
    "model": "core.statsbatting",
    "pk": 56,
    "fields": {
        "game": 3,
        "team": 1,
        "player": 8,
        "pa": 5,
        "ab": 5,
        "r": 1,
        "h": 3,
        "doubles": 0,
        "triples": 0,
        "hr": 1,
        "rbi": 3,
        "bb": 0,
        "so": 0,
        "sb": 0,
        "cs": 0,
        "hbp": 0,
        "sf": 0,
        "created_at": "2026-03-01T08:38:30.074Z"
    }
},
{
    "model": "core.statsbatting",
    "pk": 57,
    "fields": {
        "game": 3,
        "team": 1,
        "player": 9,
        "pa": 4,
        "ab": 4,
        "r": 0,
        "h": 2,
        "doubles": 1,
        "triples": 0,
        "hr": 1,
        "rbi": 3,
        "bb": 0,
        "so": 0,
        "sb": 1,
        "cs": 0,
        "hbp": 0,
        "sf": 0,
        "created_at": "2026-03-01T08:38:30.076Z"
    }
},
{
    "model": "core.statsbatting",
    "pk": 58,
    "fields": {
        "game": 3,
        "team": 1,
        "player": 10,
        "pa": 3,
        "ab": 3,
        "r": 1,
        "h": 1,
        "doubles": 1,
        "triples": 0,
        "hr": 0,
        "rbi": 0,
        "bb": 0,
        "so": 1,
        "sb": 1,
        "cs": 0,
        "hbp": 0,
        "sf": 0,
        "created_at": "2026-03-01T08:38:30.078Z"
    }
},
{
    "model": "core.statsbatting",
    "pk": 59,
    "fields": {
        "game": 3,
        "team": 1,
        "player": 11,
        "pa": 2,
        "ab": 2,
        "r": 1,
        "h": 1,
        "doubles": 1,
        "triples": 0,
        "hr": 1,
        "rbi": 0,
        "bb": 0,
        "so": 2,
        "sb": 0,
        "cs": 0,
        "hbp": 0,
        "sf": 0,
        "created_at": "2026-03-01T08:38:30.080Z"
    }
},
{
    "model": "core.statsbatting",
    "pk": 60,
    "fields": {
        "game": 3,
        "team": 1,
        "player": 12,
        "pa": 2,
        "ab": 2,
        "r": 0,
        "h": 1,
        "doubles": 0,
        "triples": 0,
        "hr": 0,
        "rbi": 0,
        "bb": 0,
        "so": 2,
        "sb": 0,
        "cs": 0,
        "hbp": 0,
        "sf": 0,
        "created_at": "2026-03-01T08:38:30.083Z"
    }
},
{
    "model": "core.statsbatting",
    "pk": 61,
    "fields": {
        "game": 3,
        "team": 2,
        "player": 13,
        "pa": 5,
        "ab": 3,
        "r": 0,
        "h": 3,
        "doubles": 0,
        "triples": 0,
        "hr": 1,
        "rbi": 2,
        "bb": 2,
        "so": 2,
        "sb": 1,
        "cs": 0,
        "hbp": 0,
        "sf": 0,
        "created_at": "2026-03-01T08:38:30.086Z"
    }
},
{
    "model": "core.statsbatting",
    "pk": 62,
    "fields": {
        "game": 3,
        "team": 2,
        "player": 14,
        "pa": 7,
        "ab": 5,
        "r": 1,
        "h": 0,
        "doubles": 0,
        "triples": 0,
        "hr": 0,
        "rbi": 3,
        "bb": 2,
        "so": 1,
        "sb": 1,
        "cs": 0,
        "hbp": 0,
        "sf": 0,
        "created_at": "2026-03-01T08:38:30.088Z"
    }
},
{
    "model": "core.statsbatting",
    "pk": 63,
    "fields": {
        "game": 3,
        "team": 2,
        "player": 15,
        "pa": 5,
        "ab": 4,
        "r": 0,
        "h": 0,
        "doubles": 0,
        "triples": 0,
        "hr": 0,
        "rbi": 1,
        "bb": 1,
        "so": 0,
        "sb": 1,
        "cs": 0,
        "hbp": 0,
        "sf": 0,
        "created_at": "2026-03-01T08:38:30.090Z"
    }
},
{
    "model": "core.statsbatting",
    "pk": 64,
    "fields": {
        "game": 3,
        "team": 2,
        "player": 16,
        "pa": 3,
        "ab": 3,
        "r": 1,
        "h": 2,
        "doubles": 1,
        "triples": 0,
        "hr": 0,
        "rbi": 0,
        "bb": 0,
        "so": 2,
        "sb": 1,
        "cs": 0,
        "hbp": 0,
        "sf": 0,
        "created_at": "2026-03-01T08:38:30.093Z"
    }
},
{
    "model": "core.statsbatting",
    "pk": 65,
    "fields": {
        "game": 3,
        "team": 2,
        "player": 17,
        "pa": 3,
        "ab": 2,
        "r": 0,
        "h": 0,
        "doubles": 0,
        "triples": 0,
        "hr": 0,
        "rbi": 1,
        "bb": 1,
        "so": 0,
        "sb": 1,
        "cs": 0,
        "hbp": 0,
        "sf": 0,
        "created_at": "2026-03-01T08:38:30.096Z"
    }
},
{
    "model": "core.statsbatting",
    "pk": 66,
    "fields": {
        "game": 3,
        "team": 2,
        "player": 18,
        "pa": 4,
        "ab": 3,
        "r": 1,
        "h": 3,
        "doubles": 0,
        "triples": 0,
        "hr": 1,
        "rbi": 1,
        "bb": 1,
        "so": 0,
        "sb": 0,
        "cs": 0,
        "hbp": 0,
        "sf": 0,
        "created_at": "2026-03-01T08:38:30.098Z"
    }
},
{
    "model": "core.statsbatting",
    "pk": 67,
    "fields": {
        "game": 3,
        "team": 2,
        "player": 19,
        "pa": 5,
        "ab": 5,
        "r": 0,
        "h": 3,
        "doubles": 0,
        "triples": 0,
        "hr": 1,
        "rbi": 1,
        "bb": 0,
        "so": 0,
        "sb": 0,
        "cs": 0,
        "hbp": 0,
        "sf": 0,
        "created_at": "2026-03-01T08:38:30.100Z"
    }
},
{
    "model": "core.statsbatting",
    "pk": 68,
    "fields": {
        "game": 3,
        "team": 2,
        "player": 20,
        "pa": 4,
        "ab": 4,
        "r": 0,
        "h": 3,
        "doubles": 0,
        "triples": 0,
        "hr": 0,
        "rbi": 1,
        "bb": 0,
        "so": 1,
        "sb": 1,
        "cs": 0,
        "hbp": 0,
        "sf": 0,
        "created_at": "2026-03-01T08:38:30.102Z"
    }
},
{
    "model": "core.statsbatting",
    "pk": 69,
    "fields": {
        "game": 3,
        "team": 2,
        "player": 21,
        "pa": 4,
        "ab": 3,
        "r": 2,
        "h": 2,
        "doubles": 0,
        "triples": 0,
        "hr": 1,
        "rbi": 0,
        "bb": 1,
        "so": 2,
        "sb": 1,
        "cs": 0,
        "hbp": 0,
        "sf": 0,
        "created_at": "2026-03-01T08:38:30.104Z"
    }
},
{
    "model": "core.statsbatting",
    "pk": 70,
    "fields": {
        "game": 3,
        "team": 2,
        "player": 22,
        "pa": 4,
        "ab": 3,
        "r": 2,
        "h": 1,
        "doubles": 1,
        "triples": 0,
        "hr": 1,
        "rbi": 2,
        "bb": 1,
        "so": 0,
        "sb": 1,
        "cs": 0,
        "hbp": 0,
        "sf": 0,
        "created_at": "2026-03-01T08:38:30.106Z"
    }
},
{
    "model": "core.statsbatting",
    "pk": 71,
    "fields": {
        "game": 3,
        "team": 2,
        "player": 23,
        "pa": 5,
        "ab": 4,
        "r": 2,
        "h": 1,
        "doubles": 1,
        "triples": 0,
        "hr": 0,
        "rbi": 0,
        "bb": 1,
        "so": 0,
        "sb": 0,
        "cs": 0,
        "hbp": 0,
        "sf": 0,
        "created_at": "2026-03-01T08:38:30.108Z"
    }
},
{
    "model": "core.statsbatting",
    "pk": 72,
    "fields": {
        "game": 3,
        "team": 2,
        "player": 24,
        "pa": 6,
        "ab": 5,
        "r": 2,
        "h": 5,
        "doubles": 0,
        "triples": 0,
        "hr": 0,
        "rbi": 3,
        "bb": 1,
        "so": 0,
        "sb": 0,
        "cs": 0,
        "hbp": 0,
        "sf": 0,
        "created_at": "2026-03-01T08:38:30.110Z"
    }
},
{
    "model": "core.statsbatting",
    "pk": 73,
    "fields": {
        "game": 4,
        "team": 3,
        "player": 25,
        "pa": 6,
        "ab": 4,
        "r": 0,
        "h": 1,
        "doubles": 0,
        "triples": 0,
        "hr": 1,
        "rbi": 3,
        "bb": 2,
        "so": 2,
        "sb": 1,
        "cs": 0,
        "hbp": 0,
        "sf": 0,
        "created_at": "2026-03-01T08:38:30.113Z"
    }
},
{
    "model": "core.statsbatting",
    "pk": 74,
    "fields": {
        "game": 4,
        "team": 3,
        "player": 26,
        "pa": 5,
        "ab": 3,
        "r": 1,
        "h": 2,
        "doubles": 1,
        "triples": 0,
        "hr": 1,
        "rbi": 3,
        "bb": 2,
        "so": 1,
        "sb": 1,
        "cs": 0,
        "hbp": 0,
        "sf": 0,
        "created_at": "2026-03-01T08:38:30.116Z"
    }
},
{
    "model": "core.statsbatting",
    "pk": 75,
    "fields": {
        "game": 4,
        "team": 3,
        "player": 27,
        "pa": 2,
        "ab": 2,
        "r": 1,
        "h": 1,
        "doubles": 0,
        "triples": 0,
        "hr": 0,
        "rbi": 2,
        "bb": 0,
        "so": 1,
        "sb": 1,
        "cs": 0,
        "hbp": 0,
        "sf": 0,
        "created_at": "2026-03-01T08:38:30.118Z"
    }
},
{
    "model": "core.statsbatting",
    "pk": 76,
    "fields": {
        "game": 4,
        "team": 3,
        "player": 28,
        "pa": 7,
        "ab": 5,
        "r": 0,
        "h": 2,
        "doubles": 1,
        "triples": 0,
        "hr": 1,
        "rbi": 0,
        "bb": 2,
        "so": 1,
        "sb": 1,
        "cs": 0,
        "hbp": 0,
        "sf": 0,
        "created_at": "2026-03-01T08:38:30.121Z"
    }
},
{
    "model": "core.statsbatting",
    "pk": 77,
    "fields": {
        "game": 4,
        "team": 3,
        "player": 29,
        "pa": 6,
        "ab": 4,
        "r": 2,
        "h": 3,
        "doubles": 1,
        "triples": 0,
        "hr": 1,
        "rbi": 1,
        "bb": 2,
        "so": 1,
        "sb": 0,
        "cs": 0,
        "hbp": 0,
        "sf": 0,
        "created_at": "2026-03-01T08:38:30.123Z"
    }
},
{
    "model": "core.statsbatting",
    "pk": 78,
    "fields": {
        "game": 4,
        "team": 3,
        "player": 30,
        "pa": 5,
        "ab": 4,
        "r": 2,
        "h": 0,
        "doubles": 0,
        "triples": 0,
        "hr": 0,
        "rbi": 3,
        "bb": 1,
        "so": 2,
        "sb": 1,
        "cs": 0,
        "hbp": 0,
        "sf": 0,
        "created_at": "2026-03-01T08:38:30.125Z"
    }
},
{
    "model": "core.statsbatting",
    "pk": 79,
    "fields": {
        "game": 4,
        "team": 3,
        "player": 31,
        "pa": 5,
        "ab": 5,
        "r": 1,
        "h": 5,
        "doubles": 1,
        "triples": 0,
        "hr": 1,
        "rbi": 2,
        "bb": 0,
        "so": 2,
        "sb": 1,
        "cs": 0,
        "hbp": 0,
        "sf": 0,
        "created_at": "2026-03-01T08:38:30.128Z"
    }
},
{
    "model": "core.statsbatting",
    "pk": 80,
    "fields": {
        "game": 4,
        "team": 3,
        "player": 32,
        "pa": 3,
        "ab": 3,
        "r": 1,
        "h": 0,
        "doubles": 0,
        "triples": 0,
        "hr": 0,
        "rbi": 0,
        "bb": 0,
        "so": 1,
        "sb": 1,
        "cs": 0,
        "hbp": 0,
        "sf": 0,
        "created_at": "2026-03-01T08:38:30.130Z"
    }
},
{
    "model": "core.statsbatting",
    "pk": 81,
    "fields": {
        "game": 4,
        "team": 3,
        "player": 33,
        "pa": 3,
        "ab": 3,
        "r": 0,
        "h": 2,
        "doubles": 1,
        "triples": 0,
        "hr": 0,
        "rbi": 1,
        "bb": 0,
        "so": 1,
        "sb": 1,
        "cs": 0,
        "hbp": 0,
        "sf": 0,
        "created_at": "2026-03-01T08:38:30.132Z"
    }
},
{
    "model": "core.statsbatting",
    "pk": 82,
    "fields": {
        "game": 4,
        "team": 3,
        "player": 34,
        "pa": 6,
        "ab": 4,
        "r": 0,
        "h": 0,
        "doubles": 0,
        "triples": 0,
        "hr": 0,
        "rbi": 0,
        "bb": 2,
        "so": 1,
        "sb": 0,
        "cs": 0,
        "hbp": 0,
        "sf": 0,
        "created_at": "2026-03-01T08:38:30.134Z"
    }
},
{
    "model": "core.statsbatting",
    "pk": 83,
    "fields": {
        "game": 4,
        "team": 3,
        "player": 35,
        "pa": 3,
        "ab": 3,
        "r": 2,
        "h": 3,
        "doubles": 0,
        "triples": 0,
        "hr": 1,
        "rbi": 1,
        "bb": 0,
        "so": 0,
        "sb": 0,
        "cs": 0,
        "hbp": 0,
        "sf": 0,
        "created_at": "2026-03-01T08:38:30.135Z"
    }
},
{
    "model": "core.statsbatting",
    "pk": 84,
    "fields": {
        "game": 4,
        "team": 3,
        "player": 36,
        "pa": 4,
        "ab": 3,
        "r": 0,
        "h": 2,
        "doubles": 1,
        "triples": 0,
        "hr": 1,
        "rbi": 0,
        "bb": 1,
        "so": 1,
        "sb": 0,
        "cs": 0,
        "hbp": 0,
        "sf": 0,
        "created_at": "2026-03-01T08:38:30.139Z"
    }
},
{
    "model": "core.statsbatting",
    "pk": 85,
    "fields": {
        "game": 4,
        "team": 4,
        "player": 37,
        "pa": 3,
        "ab": 2,
        "r": 0,
        "h": 2,
        "doubles": 0,
        "triples": 0,
        "hr": 0,
        "rbi": 3,
        "bb": 1,
        "so": 2,
        "sb": 1,
        "cs": 0,
        "hbp": 0,
        "sf": 0,
        "created_at": "2026-03-01T08:38:30.143Z"
    }
},
{
    "model": "core.statsbatting",
    "pk": 86,
    "fields": {
        "game": 4,
        "team": 4,
        "player": 38,
        "pa": 3,
        "ab": 3,
        "r": 0,
        "h": 3,
        "doubles": 1,
        "triples": 0,
        "hr": 1,
        "rbi": 0,
        "bb": 0,
        "so": 1,
        "sb": 1,
        "cs": 0,
        "hbp": 0,
        "sf": 0,
        "created_at": "2026-03-01T08:38:30.145Z"
    }
},
{
    "model": "core.statsbatting",
    "pk": 87,
    "fields": {
        "game": 4,
        "team": 4,
        "player": 39,
        "pa": 4,
        "ab": 3,
        "r": 1,
        "h": 3,
        "doubles": 0,
        "triples": 0,
        "hr": 0,
        "rbi": 1,
        "bb": 1,
        "so": 0,
        "sb": 1,
        "cs": 0,
        "hbp": 0,
        "sf": 0,
        "created_at": "2026-03-01T08:38:30.147Z"
    }
},
{
    "model": "core.statsbatting",
    "pk": 88,
    "fields": {
        "game": 4,
        "team": 4,
        "player": 40,
        "pa": 2,
        "ab": 2,
        "r": 1,
        "h": 2,
        "doubles": 1,
        "triples": 0,
        "hr": 0,
        "rbi": 3,
        "bb": 0,
        "so": 2,
        "sb": 0,
        "cs": 0,
        "hbp": 0,
        "sf": 0,
        "created_at": "2026-03-01T08:38:30.150Z"
    }
},
{
    "model": "core.statsbatting",
    "pk": 89,
    "fields": {
        "game": 4,
        "team": 4,
        "player": 41,
        "pa": 2,
        "ab": 2,
        "r": 1,
        "h": 1,
        "doubles": 1,
        "triples": 0,
        "hr": 0,
        "rbi": 0,
        "bb": 0,
        "so": 1,
        "sb": 1,
        "cs": 0,
        "hbp": 0,
        "sf": 0,
        "created_at": "2026-03-01T08:38:30.153Z"
    }
},
{
    "model": "core.statsbatting",
    "pk": 90,
    "fields": {
        "game": 4,
        "team": 4,
        "player": 42,
        "pa": 4,
        "ab": 2,
        "r": 0,
        "h": 2,
        "doubles": 0,
        "triples": 0,
        "hr": 1,
        "rbi": 0,
        "bb": 2,
        "so": 2,
        "sb": 1,
        "cs": 0,
        "hbp": 0,
        "sf": 0,
        "created_at": "2026-03-01T08:38:30.156Z"
    }
},
{
    "model": "core.statsbatting",
    "pk": 91,
    "fields": {
        "game": 4,
        "team": 4,
        "player": 43,
        "pa": 4,
        "ab": 4,
        "r": 0,
        "h": 2,
        "doubles": 1,
        "triples": 0,
        "hr": 1,
        "rbi": 2,
        "bb": 0,
        "so": 1,
        "sb": 0,
        "cs": 0,
        "hbp": 0,
        "sf": 0,
        "created_at": "2026-03-01T08:38:30.158Z"
    }
},
{
    "model": "core.statsbatting",
    "pk": 92,
    "fields": {
        "game": 4,
        "team": 4,
        "player": 44,
        "pa": 4,
        "ab": 4,
        "r": 1,
        "h": 2,
        "doubles": 1,
        "triples": 0,
        "hr": 1,
        "rbi": 2,
        "bb": 0,
        "so": 2,
        "sb": 1,
        "cs": 0,
        "hbp": 0,
        "sf": 0,
        "created_at": "2026-03-01T08:38:30.160Z"
    }
},
{
    "model": "core.statsbatting",
    "pk": 93,
    "fields": {
        "game": 4,
        "team": 4,
        "player": 45,
        "pa": 3,
        "ab": 2,
        "r": 1,
        "h": 0,
        "doubles": 0,
        "triples": 0,
        "hr": 0,
        "rbi": 3,
        "bb": 1,
        "so": 2,
        "sb": 0,
        "cs": 0,
        "hbp": 0,
        "sf": 0,
        "created_at": "2026-03-01T08:38:30.162Z"
    }
},
{
    "model": "core.statsbatting",
    "pk": 94,
    "fields": {
        "game": 4,
        "team": 4,
        "player": 46,
        "pa": 6,
        "ab": 4,
        "r": 2,
        "h": 3,
        "doubles": 1,
        "triples": 0,
        "hr": 1,
        "rbi": 2,
        "bb": 2,
        "so": 0,
        "sb": 0,
        "cs": 0,
        "hbp": 0,
        "sf": 0,
        "created_at": "2026-03-01T08:38:30.165Z"
    }
},
{
    "model": "core.statsbatting",
    "pk": 95,
    "fields": {
        "game": 4,
        "team": 4,
        "player": 47,
        "pa": 6,
        "ab": 5,
        "r": 0,
        "h": 5,
        "doubles": 0,
        "triples": 0,
        "hr": 0,
        "rbi": 2,
        "bb": 1,
        "so": 1,
        "sb": 1,
        "cs": 0,
        "hbp": 0,
        "sf": 0,
        "created_at": "2026-03-01T08:38:30.167Z"
    }
},
{
    "model": "core.statsbatting",
    "pk": 96,
    "fields": {
        "game": 4,
        "team": 4,
        "player": 48,
        "pa": 3,
        "ab": 2,
        "r": 2,
        "h": 2,
        "doubles": 1,
        "triples": 0,
        "hr": 1,
        "rbi": 0,
        "bb": 1,
        "so": 2,
        "sb": 0,
        "cs": 0,
        "hbp": 0,
        "sf": 0,
        "created_at": "2026-03-01T08:38:30.169Z"
    }
},
{
    "model": "core.statsbatting",
    "pk": 97,
    "fields": {
        "game": 5,
        "team": 1,
        "player": 1,
        "pa": 3,
        "ab": 2,
        "r": 2,
        "h": 1,
        "doubles": 1,
        "triples": 0,
        "hr": 0,
        "rbi": 1,
        "bb": 1,
        "so": 0,
        "sb": 1,
        "cs": 0,
        "hbp": 0,
        "sf": 0,
        "created_at": "2026-03-01T08:38:30.174Z"
    }
},
{
    "model": "core.statsbatting",
    "pk": 98,
    "fields": {
        "game": 5,
        "team": 1,
        "player": 2,
        "pa": 2,
        "ab": 2,
        "r": 2,
        "h": 2,
        "doubles": 0,
        "triples": 0,
        "hr": 0,
        "rbi": 0,
        "bb": 0,
        "so": 0,
        "sb": 0,
        "cs": 0,
        "hbp": 0,
        "sf": 0,
        "created_at": "2026-03-01T08:38:30.176Z"
    }
},
{
    "model": "core.statsbatting",
    "pk": 99,
    "fields": {
        "game": 5,
        "team": 1,
        "player": 3,
        "pa": 3,
        "ab": 3,
        "r": 2,
        "h": 1,
        "doubles": 0,
        "triples": 0,
        "hr": 1,
        "rbi": 3,
        "bb": 0,
        "so": 2,
        "sb": 1,
        "cs": 0,
        "hbp": 0,
        "sf": 0,
        "created_at": "2026-03-01T08:38:30.178Z"
    }
},
{
    "model": "core.statsbatting",
    "pk": 100,
    "fields": {
        "game": 5,
        "team": 1,
        "player": 4,
        "pa": 2,
        "ab": 2,
        "r": 2,
        "h": 1,
        "doubles": 1,
        "triples": 0,
        "hr": 1,
        "rbi": 1,
        "bb": 0,
        "so": 2,
        "sb": 1,
        "cs": 0,
        "hbp": 0,
        "sf": 0,
        "created_at": "2026-03-01T08:38:30.180Z"
    }
},
{
    "model": "core.statsbatting",
    "pk": 101,
    "fields": {
        "game": 5,
        "team": 1,
        "player": 5,
        "pa": 4,
        "ab": 4,
        "r": 0,
        "h": 0,
        "doubles": 0,
        "triples": 0,
        "hr": 0,
        "rbi": 1,
        "bb": 0,
        "so": 0,
        "sb": 1,
        "cs": 0,
        "hbp": 0,
        "sf": 0,
        "created_at": "2026-03-01T08:38:30.183Z"
    }
},
{
    "model": "core.statsbatting",
    "pk": 102,
    "fields": {
        "game": 5,
        "team": 1,
        "player": 6,
        "pa": 3,
        "ab": 3,
        "r": 1,
        "h": 1,
        "doubles": 1,
        "triples": 0,
        "hr": 0,
        "rbi": 3,
        "bb": 0,
        "so": 2,
        "sb": 0,
        "cs": 0,
        "hbp": 0,
        "sf": 0,
        "created_at": "2026-03-01T08:38:30.185Z"
    }
},
{
    "model": "core.statsbatting",
    "pk": 103,
    "fields": {
        "game": 5,
        "team": 1,
        "player": 7,
        "pa": 4,
        "ab": 4,
        "r": 2,
        "h": 2,
        "doubles": 1,
        "triples": 0,
        "hr": 0,
        "rbi": 1,
        "bb": 0,
        "so": 2,
        "sb": 0,
        "cs": 0,
        "hbp": 0,
        "sf": 0,
        "created_at": "2026-03-01T08:38:30.187Z"
    }
},
{
    "model": "core.statsbatting",
    "pk": 104,
    "fields": {
        "game": 5,
        "team": 1,
        "player": 8,
        "pa": 5,
        "ab": 5,
        "r": 0,
        "h": 4,
        "doubles": 1,
        "triples": 0,
        "hr": 1,
        "rbi": 2,
        "bb": 0,
        "so": 2,
        "sb": 0,
        "cs": 0,
        "hbp": 0,
        "sf": 0,
        "created_at": "2026-03-01T08:38:30.190Z"
    }
},
{
    "model": "core.statsbatting",
    "pk": 105,
    "fields": {
        "game": 5,
        "team": 1,
        "player": 9,
        "pa": 3,
        "ab": 3,
        "r": 0,
        "h": 0,
        "doubles": 0,
        "triples": 0,
        "hr": 0,
        "rbi": 2,
        "bb": 0,
        "so": 0,
        "sb": 1,
        "cs": 0,
        "hbp": 0,
        "sf": 0,
        "created_at": "2026-03-01T08:38:30.193Z"
    }
},
{
    "model": "core.statsbatting",
    "pk": 106,
    "fields": {
        "game": 5,
        "team": 1,
        "player": 10,
        "pa": 3,
        "ab": 3,
        "r": 2,
        "h": 1,
        "doubles": 0,
        "triples": 0,
        "hr": 0,
        "rbi": 1,
        "bb": 0,
        "so": 0,
        "sb": 0,
        "cs": 0,
        "hbp": 0,
        "sf": 0,
        "created_at": "2026-03-01T08:38:30.195Z"
    }
},
{
    "model": "core.statsbatting",
    "pk": 107,
    "fields": {
        "game": 5,
        "team": 1,
        "player": 11,
        "pa": 3,
        "ab": 3,
        "r": 0,
        "h": 3,
        "doubles": 1,
        "triples": 0,
        "hr": 0,
        "rbi": 2,
        "bb": 0,
        "so": 2,
        "sb": 0,
        "cs": 0,
        "hbp": 0,
        "sf": 0,
        "created_at": "2026-03-01T08:38:30.197Z"
    }
},
{
    "model": "core.statsbatting",
    "pk": 108,
    "fields": {
        "game": 5,
        "team": 1,
        "player": 12,
        "pa": 4,
        "ab": 2,
        "r": 0,
        "h": 1,
        "doubles": 0,
        "triples": 0,
        "hr": 1,
        "rbi": 2,
        "bb": 2,
        "so": 1,
        "sb": 1,
        "cs": 0,
        "hbp": 0,
        "sf": 0,
        "created_at": "2026-03-01T08:38:30.199Z"
    }
},
{
    "model": "core.statsbatting",
    "pk": 109,
    "fields": {
        "game": 5,
        "team": 2,
        "player": 13,
        "pa": 7,
        "ab": 5,
        "r": 1,
        "h": 4,
        "doubles": 1,
        "triples": 0,
        "hr": 1,
        "rbi": 3,
        "bb": 2,
        "so": 2,
        "sb": 0,
        "cs": 0,
        "hbp": 0,
        "sf": 0,
        "created_at": "2026-03-01T08:38:30.204Z"
    }
},
{
    "model": "core.statsbatting",
    "pk": 110,
    "fields": {
        "game": 5,
        "team": 2,
        "player": 14,
        "pa": 4,
        "ab": 3,
        "r": 1,
        "h": 0,
        "doubles": 0,
        "triples": 0,
        "hr": 0,
        "rbi": 3,
        "bb": 1,
        "so": 1,
        "sb": 1,
        "cs": 0,
        "hbp": 0,
        "sf": 0,
        "created_at": "2026-03-01T08:38:30.206Z"
    }
},
{
    "model": "core.statsbatting",
    "pk": 111,
    "fields": {
        "game": 5,
        "team": 2,
        "player": 15,
        "pa": 3,
        "ab": 3,
        "r": 2,
        "h": 1,
        "doubles": 1,
        "triples": 0,
        "hr": 0,
        "rbi": 3,
        "bb": 0,
        "so": 1,
        "sb": 1,
        "cs": 0,
        "hbp": 0,
        "sf": 0,
        "created_at": "2026-03-01T08:38:30.208Z"
    }
},
{
    "model": "core.statsbatting",
    "pk": 112,
    "fields": {
        "game": 5,
        "team": 2,
        "player": 16,
        "pa": 4,
        "ab": 4,
        "r": 0,
        "h": 2,
        "doubles": 1,
        "triples": 0,
        "hr": 0,
        "rbi": 0,
        "bb": 0,
        "so": 0,
        "sb": 0,
        "cs": 0,
        "hbp": 0,
        "sf": 0,
        "created_at": "2026-03-01T08:38:30.211Z"
    }
},
{
    "model": "core.statsbatting",
    "pk": 113,
    "fields": {
        "game": 5,
        "team": 2,
        "player": 17,
        "pa": 3,
        "ab": 2,
        "r": 0,
        "h": 2,
        "doubles": 1,
        "triples": 0,
        "hr": 1,
        "rbi": 1,
        "bb": 1,
        "so": 1,
        "sb": 0,
        "cs": 0,
        "hbp": 0,
        "sf": 0,
        "created_at": "2026-03-01T08:38:30.214Z"
    }
},
{
    "model": "core.statsbatting",
    "pk": 114,
    "fields": {
        "game": 5,
        "team": 2,
        "player": 18,
        "pa": 6,
        "ab": 4,
        "r": 2,
        "h": 3,
        "doubles": 1,
        "triples": 0,
        "hr": 0,
        "rbi": 3,
        "bb": 2,
        "so": 1,
        "sb": 1,
        "cs": 0,
        "hbp": 0,
        "sf": 0,
        "created_at": "2026-03-01T08:38:30.217Z"
    }
},
{
    "model": "core.statsbatting",
    "pk": 115,
    "fields": {
        "game": 5,
        "team": 2,
        "player": 19,
        "pa": 2,
        "ab": 2,
        "r": 2,
        "h": 0,
        "doubles": 0,
        "triples": 0,
        "hr": 0,
        "rbi": 3,
        "bb": 0,
        "so": 1,
        "sb": 0,
        "cs": 0,
        "hbp": 0,
        "sf": 0,
        "created_at": "2026-03-01T08:38:30.221Z"
    }
},
{
    "model": "core.statsbatting",
    "pk": 116,
    "fields": {
        "game": 5,
        "team": 2,
        "player": 20,
        "pa": 6,
        "ab": 4,
        "r": 2,
        "h": 1,
        "doubles": 0,
        "triples": 0,
        "hr": 1,
        "rbi": 0,
        "bb": 2,
        "so": 0,
        "sb": 1,
        "cs": 0,
        "hbp": 0,
        "sf": 0,
        "created_at": "2026-03-01T08:38:30.223Z"
    }
},
{
    "model": "core.statsbatting",
    "pk": 117,
    "fields": {
        "game": 5,
        "team": 2,
        "player": 21,
        "pa": 3,
        "ab": 2,
        "r": 0,
        "h": 2,
        "doubles": 0,
        "triples": 0,
        "hr": 0,
        "rbi": 2,
        "bb": 1,
        "so": 0,
        "sb": 1,
        "cs": 0,
        "hbp": 0,
        "sf": 0,
        "created_at": "2026-03-01T08:38:30.226Z"
    }
},
{
    "model": "core.statsbatting",
    "pk": 118,
    "fields": {
        "game": 5,
        "team": 2,
        "player": 22,
        "pa": 2,
        "ab": 2,
        "r": 0,
        "h": 0,
        "doubles": 0,
        "triples": 0,
        "hr": 0,
        "rbi": 0,
        "bb": 0,
        "so": 0,
        "sb": 1,
        "cs": 0,
        "hbp": 0,
        "sf": 0,
        "created_at": "2026-03-01T08:38:30.229Z"
    }
},
{
    "model": "core.statsbatting",
    "pk": 119,
    "fields": {
        "game": 5,
        "team": 2,
        "player": 23,
        "pa": 5,
        "ab": 3,
        "r": 2,
        "h": 0,
        "doubles": 0,
        "triples": 0,
        "hr": 0,
        "rbi": 1,
        "bb": 2,
        "so": 0,
        "sb": 0,
        "cs": 0,
        "hbp": 0,
        "sf": 0,
        "created_at": "2026-03-01T08:38:30.231Z"
    }
},
{
    "model": "core.statsbatting",
    "pk": 120,
    "fields": {
        "game": 5,
        "team": 2,
        "player": 24,
        "pa": 4,
        "ab": 2,
        "r": 0,
        "h": 2,
        "doubles": 1,
        "triples": 0,
        "hr": 0,
        "rbi": 0,
        "bb": 2,
        "so": 2,
        "sb": 1,
        "cs": 0,
        "hbp": 0,
        "sf": 0,
        "created_at": "2026-03-01T08:38:30.234Z"
    }
},
{
    "model": "core.statsbatting",
    "pk": 121,
    "fields": {
        "game": 6,
        "team": 2,
        "player": 13,
        "pa": 5,
        "ab": 5,
        "r": 2,
        "h": 0,
        "doubles": 0,
        "triples": 0,
        "hr": 0,
        "rbi": 0,
        "bb": 0,
        "so": 0,
        "sb": 1,
        "cs": 0,
        "hbp": 0,
        "sf": 0,
        "created_at": "2026-03-01T08:38:30.237Z"
    }
},
{
    "model": "core.statsbatting",
    "pk": 122,
    "fields": {
        "game": 6,
        "team": 2,
        "player": 14,
        "pa": 3,
        "ab": 3,
        "r": 0,
        "h": 3,
        "doubles": 0,
        "triples": 0,
        "hr": 1,
        "rbi": 2,
        "bb": 0,
        "so": 2,
        "sb": 0,
        "cs": 0,
        "hbp": 0,
        "sf": 0,
        "created_at": "2026-03-01T08:38:30.239Z"
    }
},
{
    "model": "core.statsbatting",
    "pk": 123,
    "fields": {
        "game": 6,
        "team": 2,
        "player": 15,
        "pa": 6,
        "ab": 4,
        "r": 2,
        "h": 2,
        "doubles": 1,
        "triples": 0,
        "hr": 0,
        "rbi": 3,
        "bb": 2,
        "so": 0,
        "sb": 1,
        "cs": 0,
        "hbp": 0,
        "sf": 0,
        "created_at": "2026-03-01T08:38:30.241Z"
    }
},
{
    "model": "core.statsbatting",
    "pk": 124,
    "fields": {
        "game": 6,
        "team": 2,
        "player": 16,
        "pa": 6,
        "ab": 4,
        "r": 1,
        "h": 3,
        "doubles": 1,
        "triples": 0,
        "hr": 1,
        "rbi": 2,
        "bb": 2,
        "so": 2,
        "sb": 1,
        "cs": 0,
        "hbp": 0,
        "sf": 0,
        "created_at": "2026-03-01T08:38:30.244Z"
    }
},
{
    "model": "core.statsbatting",
    "pk": 125,
    "fields": {
        "game": 6,
        "team": 2,
        "player": 17,
        "pa": 5,
        "ab": 5,
        "r": 2,
        "h": 3,
        "doubles": 1,
        "triples": 0,
        "hr": 1,
        "rbi": 0,
        "bb": 0,
        "so": 2,
        "sb": 0,
        "cs": 0,
        "hbp": 0,
        "sf": 0,
        "created_at": "2026-03-01T08:38:30.246Z"
    }
},
{
    "model": "core.statsbatting",
    "pk": 126,
    "fields": {
        "game": 6,
        "team": 2,
        "player": 18,
        "pa": 4,
        "ab": 2,
        "r": 0,
        "h": 2,
        "doubles": 1,
        "triples": 0,
        "hr": 0,
        "rbi": 3,
        "bb": 2,
        "so": 1,
        "sb": 0,
        "cs": 0,
        "hbp": 0,
        "sf": 0,
        "created_at": "2026-03-01T08:38:30.249Z"
    }
},
{
    "model": "core.statsbatting",
    "pk": 127,
    "fields": {
        "game": 6,
        "team": 2,
        "player": 19,
        "pa": 4,
        "ab": 2,
        "r": 1,
        "h": 0,
        "doubles": 0,
        "triples": 0,
        "hr": 0,
        "rbi": 2,
        "bb": 2,
        "so": 1,
        "sb": 1,
        "cs": 0,
        "hbp": 0,
        "sf": 0,
        "created_at": "2026-03-01T08:38:30.251Z"
    }
},
{
    "model": "core.statsbatting",
    "pk": 128,
    "fields": {
        "game": 6,
        "team": 2,
        "player": 20,
        "pa": 4,
        "ab": 2,
        "r": 1,
        "h": 0,
        "doubles": 0,
        "triples": 0,
        "hr": 0,
        "rbi": 2,
        "bb": 2,
        "so": 1,
        "sb": 1,
        "cs": 0,
        "hbp": 0,
        "sf": 0,
        "created_at": "2026-03-01T08:38:30.254Z"
    }
},
{
    "model": "core.statsbatting",
    "pk": 129,
    "fields": {
        "game": 6,
        "team": 2,
        "player": 21,
        "pa": 3,
        "ab": 3,
        "r": 2,
        "h": 0,
        "doubles": 0,
        "triples": 0,
        "hr": 0,
        "rbi": 3,
        "bb": 0,
        "so": 2,
        "sb": 1,
        "cs": 0,
        "hbp": 0,
        "sf": 0,
        "created_at": "2026-03-01T08:38:30.256Z"
    }
},
{
    "model": "core.statsbatting",
    "pk": 130,
    "fields": {
        "game": 6,
        "team": 2,
        "player": 22,
        "pa": 2,
        "ab": 2,
        "r": 2,
        "h": 0,
        "doubles": 0,
        "triples": 0,
        "hr": 0,
        "rbi": 1,
        "bb": 0,
        "so": 0,
        "sb": 1,
        "cs": 0,
        "hbp": 0,
        "sf": 0,
        "created_at": "2026-03-01T08:38:30.258Z"
    }
},
{
    "model": "core.statsbatting",
    "pk": 131,
    "fields": {
        "game": 6,
        "team": 2,
        "player": 23,
        "pa": 3,
        "ab": 3,
        "r": 2,
        "h": 2,
        "doubles": 1,
        "triples": 0,
        "hr": 1,
        "rbi": 0,
        "bb": 0,
        "so": 2,
        "sb": 0,
        "cs": 0,
        "hbp": 0,
        "sf": 0,
        "created_at": "2026-03-01T08:38:30.261Z"
    }
},
{
    "model": "core.statsbatting",
    "pk": 132,
    "fields": {
        "game": 6,
        "team": 2,
        "player": 24,
        "pa": 3,
        "ab": 3,
        "r": 0,
        "h": 1,
        "doubles": 1,
        "triples": 0,
        "hr": 1,
        "rbi": 1,
        "bb": 0,
        "so": 1,
        "sb": 1,
        "cs": 0,
        "hbp": 0,
        "sf": 0,
        "created_at": "2026-03-01T08:38:30.264Z"
    }
},
{
    "model": "core.statsbatting",
    "pk": 133,
    "fields": {
        "game": 6,
        "team": 1,
        "player": 1,
        "pa": 4,
        "ab": 3,
        "r": 2,
        "h": 1,
        "doubles": 0,
        "triples": 0,
        "hr": 1,
        "rbi": 0,
        "bb": 1,
        "so": 0,
        "sb": 1,
        "cs": 0,
        "hbp": 0,
        "sf": 0,
        "created_at": "2026-03-01T08:38:30.268Z"
    }
},
{
    "model": "core.statsbatting",
    "pk": 134,
    "fields": {
        "game": 6,
        "team": 1,
        "player": 2,
        "pa": 5,
        "ab": 4,
        "r": 0,
        "h": 4,
        "doubles": 1,
        "triples": 0,
        "hr": 1,
        "rbi": 0,
        "bb": 1,
        "so": 2,
        "sb": 1,
        "cs": 0,
        "hbp": 0,
        "sf": 0,
        "created_at": "2026-03-01T08:38:30.270Z"
    }
},
{
    "model": "core.statsbatting",
    "pk": 135,
    "fields": {
        "game": 6,
        "team": 1,
        "player": 3,
        "pa": 6,
        "ab": 4,
        "r": 0,
        "h": 0,
        "doubles": 0,
        "triples": 0,
        "hr": 0,
        "rbi": 1,
        "bb": 2,
        "so": 0,
        "sb": 1,
        "cs": 0,
        "hbp": 0,
        "sf": 0,
        "created_at": "2026-03-01T08:38:30.272Z"
    }
},
{
    "model": "core.statsbatting",
    "pk": 136,
    "fields": {
        "game": 6,
        "team": 1,
        "player": 4,
        "pa": 5,
        "ab": 4,
        "r": 0,
        "h": 1,
        "doubles": 0,
        "triples": 0,
        "hr": 0,
        "rbi": 0,
        "bb": 1,
        "so": 0,
        "sb": 0,
        "cs": 0,
        "hbp": 0,
        "sf": 0,
        "created_at": "2026-03-01T08:38:30.274Z"
    }
},
{
    "model": "core.statsbatting",
    "pk": 137,
    "fields": {
        "game": 6,
        "team": 1,
        "player": 5,
        "pa": 3,
        "ab": 3,
        "r": 1,
        "h": 2,
        "doubles": 1,
        "triples": 0,
        "hr": 0,
        "rbi": 2,
        "bb": 0,
        "so": 2,
        "sb": 0,
        "cs": 0,
        "hbp": 0,
        "sf": 0,
        "created_at": "2026-03-01T08:38:30.276Z"
    }
},
{
    "model": "core.statsbatting",
    "pk": 138,
    "fields": {
        "game": 6,
        "team": 1,
        "player": 6,
        "pa": 4,
        "ab": 4,
        "r": 1,
        "h": 1,
        "doubles": 1,
        "triples": 0,
        "hr": 0,
        "rbi": 1,
        "bb": 0,
        "so": 0,
        "sb": 1,
        "cs": 0,
        "hbp": 0,
        "sf": 0,
        "created_at": "2026-03-01T08:38:30.278Z"
    }
},
{
    "model": "core.statsbatting",
    "pk": 139,
    "fields": {
        "game": 6,
        "team": 1,
        "player": 7,
        "pa": 3,
        "ab": 3,
        "r": 0,
        "h": 2,
        "doubles": 0,
        "triples": 0,
        "hr": 0,
        "rbi": 2,
        "bb": 0,
        "so": 2,
        "sb": 1,
        "cs": 0,
        "hbp": 0,
        "sf": 0,
        "created_at": "2026-03-01T08:38:30.281Z"
    }
},
{
    "model": "core.statsbatting",
    "pk": 140,
    "fields": {
        "game": 6,
        "team": 1,
        "player": 8,
        "pa": 6,
        "ab": 4,
        "r": 0,
        "h": 3,
        "doubles": 1,
        "triples": 0,
        "hr": 0,
        "rbi": 3,
        "bb": 2,
        "so": 2,
        "sb": 0,
        "cs": 0,
        "hbp": 0,
        "sf": 0,
        "created_at": "2026-03-01T08:38:30.282Z"
    }
},
{
    "model": "core.statsbatting",
    "pk": 141,
    "fields": {
        "game": 6,
        "team": 1,
        "player": 9,
        "pa": 3,
        "ab": 2,
        "r": 1,
        "h": 1,
        "doubles": 0,
        "triples": 0,
        "hr": 0,
        "rbi": 0,
        "bb": 1,
        "so": 2,
        "sb": 0,
        "cs": 0,
        "hbp": 0,
        "sf": 0,
        "created_at": "2026-03-01T08:38:30.284Z"
    }
},
{
    "model": "core.statsbatting",
    "pk": 142,
    "fields": {
        "game": 6,
        "team": 1,
        "player": 10,
        "pa": 3,
        "ab": 3,
        "r": 1,
        "h": 3,
        "doubles": 0,
        "triples": 0,
        "hr": 0,
        "rbi": 3,
        "bb": 0,
        "so": 2,
        "sb": 1,
        "cs": 0,
        "hbp": 0,
        "sf": 0,
        "created_at": "2026-03-01T08:38:30.286Z"
    }
},
{
    "model": "core.statsbatting",
    "pk": 143,
    "fields": {
        "game": 6,
        "team": 1,
        "player": 11,
        "pa": 5,
        "ab": 4,
        "r": 1,
        "h": 3,
        "doubles": 1,
        "triples": 0,
        "hr": 1,
        "rbi": 3,
        "bb": 1,
        "so": 2,
        "sb": 0,
        "cs": 0,
        "hbp": 0,
        "sf": 0,
        "created_at": "2026-03-01T08:38:30.288Z"
    }
},
{
    "model": "core.statsbatting",
    "pk": 144,
    "fields": {
        "game": 6,
        "team": 1,
        "player": 12,
        "pa": 6,
        "ab": 5,
        "r": 0,
        "h": 3,
        "doubles": 0,
        "triples": 0,
        "hr": 0,
        "rbi": 2,
        "bb": 1,
        "so": 1,
        "sb": 0,
        "cs": 0,
        "hbp": 0,
        "sf": 0,
        "created_at": "2026-03-01T08:38:30.291Z"
    }
},
{
    "model": "core.statsbatting",
    "pk": 145,
    "fields": {
        "game": 7,
        "team": 4,
        "player": 37,
        "pa": 2,
        "ab": 2,
        "r": 2,
        "h": 0,
        "doubles": 0,
        "triples": 0,
        "hr": 0,
        "rbi": 0,
        "bb": 0,
        "so": 0,
        "sb": 0,
        "cs": 0,
        "hbp": 0,
        "sf": 0,
        "created_at": "2026-03-01T08:38:30.295Z"
    }
},
{
    "model": "core.statsbatting",
    "pk": 146,
    "fields": {
        "game": 7,
        "team": 4,
        "player": 38,
        "pa": 6,
        "ab": 4,
        "r": 0,
        "h": 3,
        "doubles": 0,
        "triples": 0,
        "hr": 1,
        "rbi": 3,
        "bb": 2,
        "so": 2,
        "sb": 1,
        "cs": 0,
        "hbp": 0,
        "sf": 0,
        "created_at": "2026-03-01T08:38:30.297Z"
    }
},
{
    "model": "core.statsbatting",
    "pk": 147,
    "fields": {
        "game": 7,
        "team": 4,
        "player": 39,
        "pa": 4,
        "ab": 3,
        "r": 0,
        "h": 0,
        "doubles": 0,
        "triples": 0,
        "hr": 0,
        "rbi": 0,
        "bb": 1,
        "so": 0,
        "sb": 0,
        "cs": 0,
        "hbp": 0,
        "sf": 0,
        "created_at": "2026-03-01T08:38:30.299Z"
    }
},
{
    "model": "core.statsbatting",
    "pk": 148,
    "fields": {
        "game": 7,
        "team": 4,
        "player": 40,
        "pa": 5,
        "ab": 5,
        "r": 1,
        "h": 0,
        "doubles": 0,
        "triples": 0,
        "hr": 0,
        "rbi": 0,
        "bb": 0,
        "so": 2,
        "sb": 1,
        "cs": 0,
        "hbp": 0,
        "sf": 0,
        "created_at": "2026-03-01T08:38:30.302Z"
    }
},
{
    "model": "core.statsbatting",
    "pk": 149,
    "fields": {
        "game": 7,
        "team": 4,
        "player": 41,
        "pa": 7,
        "ab": 5,
        "r": 1,
        "h": 2,
        "doubles": 0,
        "triples": 0,
        "hr": 1,
        "rbi": 1,
        "bb": 2,
        "so": 2,
        "sb": 0,
        "cs": 0,
        "hbp": 0,
        "sf": 0,
        "created_at": "2026-03-01T08:38:30.304Z"
    }
},
{
    "model": "core.statsbatting",
    "pk": 150,
    "fields": {
        "game": 7,
        "team": 4,
        "player": 42,
        "pa": 3,
        "ab": 3,
        "r": 2,
        "h": 1,
        "doubles": 1,
        "triples": 0,
        "hr": 1,
        "rbi": 0,
        "bb": 0,
        "so": 2,
        "sb": 0,
        "cs": 0,
        "hbp": 0,
        "sf": 0,
        "created_at": "2026-03-01T08:38:30.307Z"
    }
},
{
    "model": "core.statsbatting",
    "pk": 151,
    "fields": {
        "game": 7,
        "team": 4,
        "player": 43,
        "pa": 5,
        "ab": 4,
        "r": 2,
        "h": 1,
        "doubles": 0,
        "triples": 0,
        "hr": 0,
        "rbi": 1,
        "bb": 1,
        "so": 2,
        "sb": 0,
        "cs": 0,
        "hbp": 0,
        "sf": 0,
        "created_at": "2026-03-01T08:38:30.309Z"
    }
},
{
    "model": "core.statsbatting",
    "pk": 152,
    "fields": {
        "game": 7,
        "team": 4,
        "player": 44,
        "pa": 4,
        "ab": 3,
        "r": 1,
        "h": 2,
        "doubles": 1,
        "triples": 0,
        "hr": 1,
        "rbi": 0,
        "bb": 1,
        "so": 1,
        "sb": 1,
        "cs": 0,
        "hbp": 0,
        "sf": 0,
        "created_at": "2026-03-01T08:38:30.312Z"
    }
},
{
    "model": "core.statsbatting",
    "pk": 153,
    "fields": {
        "game": 7,
        "team": 4,
        "player": 45,
        "pa": 5,
        "ab": 5,
        "r": 2,
        "h": 3,
        "doubles": 1,
        "triples": 0,
        "hr": 1,
        "rbi": 2,
        "bb": 0,
        "so": 1,
        "sb": 0,
        "cs": 0,
        "hbp": 0,
        "sf": 0,
        "created_at": "2026-03-01T08:38:30.315Z"
    }
},
{
    "model": "core.statsbatting",
    "pk": 154,
    "fields": {
        "game": 7,
        "team": 4,
        "player": 46,
        "pa": 4,
        "ab": 3,
        "r": 0,
        "h": 0,
        "doubles": 0,
        "triples": 0,
        "hr": 0,
        "rbi": 2,
        "bb": 1,
        "so": 0,
        "sb": 1,
        "cs": 0,
        "hbp": 0,
        "sf": 0,
        "created_at": "2026-03-01T08:38:30.318Z"
    }
},
{
    "model": "core.statsbatting",
    "pk": 155,
    "fields": {
        "game": 7,
        "team": 4,
        "player": 47,
        "pa": 3,
        "ab": 2,
        "r": 2,
        "h": 1,
        "doubles": 1,
        "triples": 0,
        "hr": 0,
        "rbi": 1,
        "bb": 1,
        "so": 2,
        "sb": 0,
        "cs": 0,
        "hbp": 0,
        "sf": 0,
        "created_at": "2026-03-01T08:38:30.320Z"
    }
},
{
    "model": "core.statsbatting",
    "pk": 156,
    "fields": {
        "game": 7,
        "team": 4,
        "player": 48,
        "pa": 4,
        "ab": 4,
        "r": 0,
        "h": 2,
        "doubles": 1,
        "triples": 0,
        "hr": 1,
        "rbi": 0,
        "bb": 0,
        "so": 0,
        "sb": 0,
        "cs": 0,
        "hbp": 0,
        "sf": 0,
        "created_at": "2026-03-01T08:38:30.323Z"
    }
},
{
    "model": "core.statsbatting",
    "pk": 157,
    "fields": {
        "game": 7,
        "team": 3,
        "player": 25,
        "pa": 4,
        "ab": 4,
        "r": 1,
        "h": 3,
        "doubles": 0,
        "triples": 0,
        "hr": 1,
        "rbi": 2,
        "bb": 0,
        "so": 0,
        "sb": 1,
        "cs": 0,
        "hbp": 0,
        "sf": 0,
        "created_at": "2026-03-01T08:38:30.327Z"
    }
},
{
    "model": "core.statsbatting",
    "pk": 158,
    "fields": {
        "game": 7,
        "team": 3,
        "player": 26,
        "pa": 5,
        "ab": 5,
        "r": 1,
        "h": 5,
        "doubles": 0,
        "triples": 0,
        "hr": 0,
        "rbi": 3,
        "bb": 0,
        "so": 0,
        "sb": 0,
        "cs": 0,
        "hbp": 0,
        "sf": 0,
        "created_at": "2026-03-01T08:38:30.329Z"
    }
},
{
    "model": "core.statsbatting",
    "pk": 159,
    "fields": {
        "game": 7,
        "team": 3,
        "player": 27,
        "pa": 2,
        "ab": 2,
        "r": 1,
        "h": 1,
        "doubles": 0,
        "triples": 0,
        "hr": 0,
        "rbi": 1,
        "bb": 0,
        "so": 1,
        "sb": 1,
        "cs": 0,
        "hbp": 0,
        "sf": 0,
        "created_at": "2026-03-01T08:38:30.332Z"
    }
},
{
    "model": "core.statsbatting",
    "pk": 160,
    "fields": {
        "game": 7,
        "team": 3,
        "player": 28,
        "pa": 5,
        "ab": 4,
        "r": 2,
        "h": 0,
        "doubles": 0,
        "triples": 0,
        "hr": 0,
        "rbi": 1,
        "bb": 1,
        "so": 2,
        "sb": 1,
        "cs": 0,
        "hbp": 0,
        "sf": 0,
        "created_at": "2026-03-01T08:38:30.334Z"
    }
},
{
    "model": "core.statsbatting",
    "pk": 161,
    "fields": {
        "game": 7,
        "team": 3,
        "player": 29,
        "pa": 7,
        "ab": 5,
        "r": 0,
        "h": 4,
        "doubles": 0,
        "triples": 0,
        "hr": 0,
        "rbi": 2,
        "bb": 2,
        "so": 0,
        "sb": 1,
        "cs": 0,
        "hbp": 0,
        "sf": 0,
        "created_at": "2026-03-01T08:38:30.336Z"
    }
},
{
    "model": "core.statsbatting",
    "pk": 162,
    "fields": {
        "game": 7,
        "team": 3,
        "player": 30,
        "pa": 4,
        "ab": 4,
        "r": 2,
        "h": 2,
        "doubles": 0,
        "triples": 0,
        "hr": 0,
        "rbi": 1,
        "bb": 0,
        "so": 2,
        "sb": 1,
        "cs": 0,
        "hbp": 0,
        "sf": 0,
        "created_at": "2026-03-01T08:38:30.339Z"
    }
},
{
    "model": "core.statsbatting",
    "pk": 163,
    "fields": {
        "game": 7,
        "team": 3,
        "player": 31,
        "pa": 3,
        "ab": 2,
        "r": 0,
        "h": 1,
        "doubles": 0,
        "triples": 0,
        "hr": 1,
        "rbi": 2,
        "bb": 1,
        "so": 0,
        "sb": 1,
        "cs": 0,
        "hbp": 0,
        "sf": 0,
        "created_at": "2026-03-01T08:38:30.341Z"
    }
},
{
    "model": "core.statsbatting",
    "pk": 164,
    "fields": {
        "game": 7,
        "team": 3,
        "player": 32,
        "pa": 7,
        "ab": 5,
        "r": 2,
        "h": 4,
        "doubles": 0,
        "triples": 0,
        "hr": 0,
        "rbi": 2,
        "bb": 2,
        "so": 1,
        "sb": 1,
        "cs": 0,
        "hbp": 0,
        "sf": 0,
        "created_at": "2026-03-01T08:38:30.343Z"
    }
},
{
    "model": "core.statsbatting",
    "pk": 165,
    "fields": {
        "game": 7,
        "team": 3,
        "player": 33,
        "pa": 4,
        "ab": 4,
        "r": 2,
        "h": 2,
        "doubles": 0,
        "triples": 0,
        "hr": 0,
        "rbi": 3,
        "bb": 0,
        "so": 1,
        "sb": 1,
        "cs": 0,
        "hbp": 0,
        "sf": 0,
        "created_at": "2026-03-01T08:38:30.345Z"
    }
},
{
    "model": "core.statsbatting",
    "pk": 166,
    "fields": {
        "game": 7,
        "team": 3,
        "player": 34,
        "pa": 2,
        "ab": 2,
        "r": 0,
        "h": 2,
        "doubles": 1,
        "triples": 0,
        "hr": 1,
        "rbi": 0,
        "bb": 0,
        "so": 2,
        "sb": 1,
        "cs": 0,
        "hbp": 0,
        "sf": 0,
        "created_at": "2026-03-01T08:38:30.347Z"
    }
},
{
    "model": "core.statsbatting",
    "pk": 167,
    "fields": {
        "game": 7,
        "team": 3,
        "player": 35,
        "pa": 4,
        "ab": 2,
        "r": 2,
        "h": 2,
        "doubles": 0,
        "triples": 0,
        "hr": 0,
        "rbi": 0,
        "bb": 2,
        "so": 1,
        "sb": 0,
        "cs": 0,
        "hbp": 0,
        "sf": 0,
        "created_at": "2026-03-01T08:38:30.350Z"
    }
},
{
    "model": "core.statsbatting",
    "pk": 168,
    "fields": {
        "game": 7,
        "team": 3,
        "player": 36,
        "pa": 3,
        "ab": 3,
        "r": 1,
        "h": 2,
        "doubles": 1,
        "triples": 0,
        "hr": 0,
        "rbi": 2,
        "bb": 0,
        "so": 0,
        "sb": 0,
        "cs": 0,
        "hbp": 0,
        "sf": 0,
        "created_at": "2026-03-01T08:38:30.353Z"
    }
},
{
    "model": "core.statsbatting",
    "pk": 169,
    "fields": {
        "game": 8,
        "team": 3,
        "player": 25,
        "pa": 3,
        "ab": 3,
        "r": 0,
        "h": 1,
        "doubles": 1,
        "triples": 0,
        "hr": 0,
        "rbi": 1,
        "bb": 0,
        "so": 2,
        "sb": 1,
        "cs": 0,
        "hbp": 0,
        "sf": 0,
        "created_at": "2026-03-01T08:38:30.356Z"
    }
},
{
    "model": "core.statsbatting",
    "pk": 170,
    "fields": {
        "game": 8,
        "team": 3,
        "player": 26,
        "pa": 5,
        "ab": 4,
        "r": 2,
        "h": 1,
        "doubles": 0,
        "triples": 0,
        "hr": 0,
        "rbi": 3,
        "bb": 1,
        "so": 2,
        "sb": 1,
        "cs": 0,
        "hbp": 0,
        "sf": 0,
        "created_at": "2026-03-01T08:38:30.358Z"
    }
},
{
    "model": "core.statsbatting",
    "pk": 171,
    "fields": {
        "game": 8,
        "team": 3,
        "player": 27,
        "pa": 4,
        "ab": 4,
        "r": 2,
        "h": 4,
        "doubles": 0,
        "triples": 0,
        "hr": 0,
        "rbi": 3,
        "bb": 0,
        "so": 1,
        "sb": 1,
        "cs": 0,
        "hbp": 0,
        "sf": 0,
        "created_at": "2026-03-01T08:38:30.361Z"
    }
},
{
    "model": "core.statsbatting",
    "pk": 172,
    "fields": {
        "game": 8,
        "team": 3,
        "player": 28,
        "pa": 6,
        "ab": 5,
        "r": 0,
        "h": 2,
        "doubles": 1,
        "triples": 0,
        "hr": 0,
        "rbi": 1,
        "bb": 1,
        "so": 1,
        "sb": 0,
        "cs": 0,
        "hbp": 0,
        "sf": 0,
        "created_at": "2026-03-01T08:38:30.363Z"
    }
},
{
    "model": "core.statsbatting",
    "pk": 173,
    "fields": {
        "game": 8,
        "team": 3,
        "player": 29,
        "pa": 6,
        "ab": 5,
        "r": 0,
        "h": 3,
        "doubles": 0,
        "triples": 0,
        "hr": 0,
        "rbi": 1,
        "bb": 1,
        "so": 1,
        "sb": 1,
        "cs": 0,
        "hbp": 0,
        "sf": 0,
        "created_at": "2026-03-01T08:38:30.365Z"
    }
},
{
    "model": "core.statsbatting",
    "pk": 174,
    "fields": {
        "game": 8,
        "team": 3,
        "player": 30,
        "pa": 6,
        "ab": 5,
        "r": 1,
        "h": 4,
        "doubles": 0,
        "triples": 0,
        "hr": 1,
        "rbi": 1,
        "bb": 1,
        "so": 1,
        "sb": 0,
        "cs": 0,
        "hbp": 0,
        "sf": 0,
        "created_at": "2026-03-01T08:38:30.368Z"
    }
},
{
    "model": "core.statsbatting",
    "pk": 175,
    "fields": {
        "game": 8,
        "team": 3,
        "player": 31,
        "pa": 3,
        "ab": 2,
        "r": 0,
        "h": 2,
        "doubles": 0,
        "triples": 0,
        "hr": 0,
        "rbi": 0,
        "bb": 1,
        "so": 0,
        "sb": 1,
        "cs": 0,
        "hbp": 0,
        "sf": 0,
        "created_at": "2026-03-01T08:38:30.370Z"
    }
},
{
    "model": "core.statsbatting",
    "pk": 176,
    "fields": {
        "game": 8,
        "team": 3,
        "player": 32,
        "pa": 6,
        "ab": 4,
        "r": 1,
        "h": 2,
        "doubles": 0,
        "triples": 0,
        "hr": 1,
        "rbi": 0,
        "bb": 2,
        "so": 1,
        "sb": 0,
        "cs": 0,
        "hbp": 0,
        "sf": 0,
        "created_at": "2026-03-01T08:38:30.371Z"
    }
},
{
    "model": "core.statsbatting",
    "pk": 177,
    "fields": {
        "game": 8,
        "team": 3,
        "player": 33,
        "pa": 6,
        "ab": 5,
        "r": 2,
        "h": 4,
        "doubles": 0,
        "triples": 0,
        "hr": 0,
        "rbi": 1,
        "bb": 1,
        "so": 1,
        "sb": 1,
        "cs": 0,
        "hbp": 0,
        "sf": 0,
        "created_at": "2026-03-01T08:38:30.373Z"
    }
},
{
    "model": "core.statsbatting",
    "pk": 178,
    "fields": {
        "game": 8,
        "team": 3,
        "player": 34,
        "pa": 5,
        "ab": 5,
        "r": 1,
        "h": 4,
        "doubles": 1,
        "triples": 0,
        "hr": 0,
        "rbi": 2,
        "bb": 0,
        "so": 1,
        "sb": 1,
        "cs": 0,
        "hbp": 0,
        "sf": 0,
        "created_at": "2026-03-01T08:38:30.375Z"
    }
},
{
    "model": "core.statsbatting",
    "pk": 179,
    "fields": {
        "game": 8,
        "team": 3,
        "player": 35,
        "pa": 4,
        "ab": 3,
        "r": 2,
        "h": 0,
        "doubles": 0,
        "triples": 0,
        "hr": 0,
        "rbi": 1,
        "bb": 1,
        "so": 1,
        "sb": 0,
        "cs": 0,
        "hbp": 0,
        "sf": 0,
        "created_at": "2026-03-01T08:38:30.377Z"
    }
},
{
    "model": "core.statsbatting",
    "pk": 180,
    "fields": {
        "game": 8,
        "team": 3,
        "player": 36,
        "pa": 2,
        "ab": 2,
        "r": 2,
        "h": 2,
        "doubles": 1,
        "triples": 0,
        "hr": 0,
        "rbi": 2,
        "bb": 0,
        "so": 0,
        "sb": 1,
        "cs": 0,
        "hbp": 0,
        "sf": 0,
        "created_at": "2026-03-01T08:38:30.379Z"
    }
},
{
    "model": "core.statsbatting",
    "pk": 181,
    "fields": {
        "game": 8,
        "team": 4,
        "player": 37,
        "pa": 5,
        "ab": 5,
        "r": 0,
        "h": 3,
        "doubles": 0,
        "triples": 0,
        "hr": 0,
        "rbi": 3,
        "bb": 0,
        "so": 0,
        "sb": 1,
        "cs": 0,
        "hbp": 0,
        "sf": 0,
        "created_at": "2026-03-01T08:38:30.383Z"
    }
},
{
    "model": "core.statsbatting",
    "pk": 182,
    "fields": {
        "game": 8,
        "team": 4,
        "player": 38,
        "pa": 3,
        "ab": 2,
        "r": 1,
        "h": 2,
        "doubles": 0,
        "triples": 0,
        "hr": 0,
        "rbi": 2,
        "bb": 1,
        "so": 2,
        "sb": 1,
        "cs": 0,
        "hbp": 0,
        "sf": 0,
        "created_at": "2026-03-01T08:38:30.385Z"
    }
},
{
    "model": "core.statsbatting",
    "pk": 183,
    "fields": {
        "game": 8,
        "team": 4,
        "player": 39,
        "pa": 3,
        "ab": 3,
        "r": 1,
        "h": 1,
        "doubles": 0,
        "triples": 0,
        "hr": 1,
        "rbi": 1,
        "bb": 0,
        "so": 0,
        "sb": 0,
        "cs": 0,
        "hbp": 0,
        "sf": 0,
        "created_at": "2026-03-01T08:38:30.387Z"
    }
},
{
    "model": "core.statsbatting",
    "pk": 184,
    "fields": {
        "game": 8,
        "team": 4,
        "player": 40,
        "pa": 4,
        "ab": 2,
        "r": 0,
        "h": 2,
        "doubles": 0,
        "triples": 0,
        "hr": 0,
        "rbi": 0,
        "bb": 2,
        "so": 2,
        "sb": 0,
        "cs": 0,
        "hbp": 0,
        "sf": 0,
        "created_at": "2026-03-01T08:38:30.389Z"
    }
},
{
    "model": "core.statsbatting",
    "pk": 185,
    "fields": {
        "game": 8,
        "team": 4,
        "player": 41,
        "pa": 5,
        "ab": 5,
        "r": 2,
        "h": 5,
        "doubles": 1,
        "triples": 0,
        "hr": 0,
        "rbi": 3,
        "bb": 0,
        "so": 1,
        "sb": 1,
        "cs": 0,
        "hbp": 0,
        "sf": 0,
        "created_at": "2026-03-01T08:38:30.392Z"
    }
},
{
    "model": "core.statsbatting",
    "pk": 186,
    "fields": {
        "game": 8,
        "team": 4,
        "player": 42,
        "pa": 4,
        "ab": 2,
        "r": 0,
        "h": 0,
        "doubles": 0,
        "triples": 0,
        "hr": 0,
        "rbi": 3,
        "bb": 2,
        "so": 1,
        "sb": 0,
        "cs": 0,
        "hbp": 0,
        "sf": 0,
        "created_at": "2026-03-01T08:38:30.394Z"
    }
},
{
    "model": "core.statsbatting",
    "pk": 187,
    "fields": {
        "game": 8,
        "team": 4,
        "player": 43,
        "pa": 6,
        "ab": 4,
        "r": 0,
        "h": 3,
        "doubles": 0,
        "triples": 0,
        "hr": 1,
        "rbi": 3,
        "bb": 2,
        "so": 1,
        "sb": 1,
        "cs": 0,
        "hbp": 0,
        "sf": 0,
        "created_at": "2026-03-01T08:38:30.396Z"
    }
},
{
    "model": "core.statsbatting",
    "pk": 188,
    "fields": {
        "game": 8,
        "team": 4,
        "player": 44,
        "pa": 3,
        "ab": 2,
        "r": 0,
        "h": 0,
        "doubles": 0,
        "triples": 0,
        "hr": 0,
        "rbi": 3,
        "bb": 1,
        "so": 1,
        "sb": 0,
        "cs": 0,
        "hbp": 0,
        "sf": 0,
        "created_at": "2026-03-01T08:38:30.399Z"
    }
},
{
    "model": "core.statsbatting",
    "pk": 189,
    "fields": {
        "game": 8,
        "team": 4,
        "player": 45,
        "pa": 4,
        "ab": 3,
        "r": 1,
        "h": 2,
        "doubles": 0,
        "triples": 0,
        "hr": 0,
        "rbi": 1,
        "bb": 1,
        "so": 0,
        "sb": 1,
        "cs": 0,
        "hbp": 0,
        "sf": 0,
        "created_at": "2026-03-01T08:38:30.401Z"
    }
},
{
    "model": "core.statsbatting",
    "pk": 190,
    "fields": {
        "game": 8,
        "team": 4,
        "player": 46,
        "pa": 5,
        "ab": 4,
        "r": 0,
        "h": 1,
        "doubles": 0,
        "triples": 0,
        "hr": 1,
        "rbi": 2,
        "bb": 1,
        "so": 2,
        "sb": 0,
        "cs": 0,
        "hbp": 0,
        "sf": 0,
        "created_at": "2026-03-01T08:38:30.404Z"
    }
},
{
    "model": "core.statsbatting",
    "pk": 191,
    "fields": {
        "game": 8,
        "team": 4,
        "player": 47,
        "pa": 6,
        "ab": 4,
        "r": 0,
        "h": 4,
        "doubles": 1,
        "triples": 0,
        "hr": 0,
        "rbi": 2,
        "bb": 2,
        "so": 1,
        "sb": 1,
        "cs": 0,
        "hbp": 0,
        "sf": 0,
        "created_at": "2026-03-01T08:38:30.406Z"
    }
},
{
    "model": "core.statsbatting",
    "pk": 192,
    "fields": {
        "game": 8,
        "team": 4,
        "player": 48,
        "pa": 6,
        "ab": 4,
        "r": 0,
        "h": 1,
        "doubles": 1,
        "triples": 0,
        "hr": 1,
        "rbi": 3,
        "bb": 2,
        "so": 0,
        "sb": 0,
        "cs": 0,
        "hbp": 0,
        "sf": 0,
        "created_at": "2026-03-01T08:38:30.409Z"
    }
},
{
    "model": "core.statsbatting",
    "pk": 193,
    "fields": {
        "game": 9,
        "team": 1,
        "player": 1,
        "pa": 4,
        "ab": 2,
        "r": 0,
        "h": 1,
        "doubles": 1,
        "triples": 0,
        "hr": 1,
        "rbi": 3,
        "bb": 2,
        "so": 2,
        "sb": 1,
        "cs": 0,
        "hbp": 0,
        "sf": 0,
        "created_at": "2026-03-01T08:38:30.414Z"
    }
},
{
    "model": "core.statsbatting",
    "pk": 194,
    "fields": {
        "game": 9,
        "team": 1,
        "player": 2,
        "pa": 3,
        "ab": 3,
        "r": 1,
        "h": 0,
        "doubles": 0,
        "triples": 0,
        "hr": 0,
        "rbi": 2,
        "bb": 0,
        "so": 1,
        "sb": 1,
        "cs": 0,
        "hbp": 0,
        "sf": 0,
        "created_at": "2026-03-01T08:38:30.416Z"
    }
},
{
    "model": "core.statsbatting",
    "pk": 195,
    "fields": {
        "game": 9,
        "team": 1,
        "player": 3,
        "pa": 5,
        "ab": 4,
        "r": 2,
        "h": 4,
        "doubles": 0,
        "triples": 0,
        "hr": 1,
        "rbi": 2,
        "bb": 1,
        "so": 0,
        "sb": 0,
        "cs": 0,
        "hbp": 0,
        "sf": 0,
        "created_at": "2026-03-01T08:38:30.418Z"
    }
},
{
    "model": "core.statsbatting",
    "pk": 196,
    "fields": {
        "game": 9,
        "team": 1,
        "player": 4,
        "pa": 6,
        "ab": 4,
        "r": 0,
        "h": 3,
        "doubles": 1,
        "triples": 0,
        "hr": 0,
        "rbi": 1,
        "bb": 2,
        "so": 1,
        "sb": 0,
        "cs": 0,
        "hbp": 0,
        "sf": 0,
        "created_at": "2026-03-01T08:38:30.421Z"
    }
},
{
    "model": "core.statsbatting",
    "pk": 197,
    "fields": {
        "game": 9,
        "team": 1,
        "player": 5,
        "pa": 2,
        "ab": 2,
        "r": 2,
        "h": 0,
        "doubles": 0,
        "triples": 0,
        "hr": 0,
        "rbi": 0,
        "bb": 0,
        "so": 2,
        "sb": 1,
        "cs": 0,
        "hbp": 0,
        "sf": 0,
        "created_at": "2026-03-01T08:38:30.423Z"
    }
},
{
    "model": "core.statsbatting",
    "pk": 198,
    "fields": {
        "game": 9,
        "team": 1,
        "player": 6,
        "pa": 2,
        "ab": 2,
        "r": 0,
        "h": 2,
        "doubles": 0,
        "triples": 0,
        "hr": 0,
        "rbi": 2,
        "bb": 0,
        "so": 2,
        "sb": 0,
        "cs": 0,
        "hbp": 0,
        "sf": 0,
        "created_at": "2026-03-01T08:38:30.425Z"
    }
},
{
    "model": "core.statsbatting",
    "pk": 199,
    "fields": {
        "game": 9,
        "team": 1,
        "player": 7,
        "pa": 4,
        "ab": 2,
        "r": 2,
        "h": 0,
        "doubles": 0,
        "triples": 0,
        "hr": 0,
        "rbi": 1,
        "bb": 2,
        "so": 0,
        "sb": 1,
        "cs": 0,
        "hbp": 0,
        "sf": 0,
        "created_at": "2026-03-01T08:38:30.428Z"
    }
},
{
    "model": "core.statsbatting",
    "pk": 200,
    "fields": {
        "game": 9,
        "team": 1,
        "player": 8,
        "pa": 4,
        "ab": 2,
        "r": 0,
        "h": 2,
        "doubles": 1,
        "triples": 0,
        "hr": 0,
        "rbi": 2,
        "bb": 2,
        "so": 0,
        "sb": 0,
        "cs": 0,
        "hbp": 0,
        "sf": 0,
        "created_at": "2026-03-01T08:38:30.430Z"
    }
},
{
    "model": "core.statsbatting",
    "pk": 201,
    "fields": {
        "game": 9,
        "team": 1,
        "player": 9,
        "pa": 4,
        "ab": 2,
        "r": 2,
        "h": 0,
        "doubles": 0,
        "triples": 0,
        "hr": 0,
        "rbi": 0,
        "bb": 2,
        "so": 0,
        "sb": 1,
        "cs": 0,
        "hbp": 0,
        "sf": 0,
        "created_at": "2026-03-01T08:38:30.432Z"
    }
},
{
    "model": "core.statsbatting",
    "pk": 202,
    "fields": {
        "game": 9,
        "team": 1,
        "player": 10,
        "pa": 5,
        "ab": 4,
        "r": 0,
        "h": 4,
        "doubles": 1,
        "triples": 0,
        "hr": 1,
        "rbi": 3,
        "bb": 1,
        "so": 0,
        "sb": 1,
        "cs": 0,
        "hbp": 0,
        "sf": 0,
        "created_at": "2026-03-01T08:38:30.434Z"
    }
},
{
    "model": "core.statsbatting",
    "pk": 203,
    "fields": {
        "game": 9,
        "team": 1,
        "player": 11,
        "pa": 2,
        "ab": 2,
        "r": 1,
        "h": 0,
        "doubles": 0,
        "triples": 0,
        "hr": 0,
        "rbi": 2,
        "bb": 0,
        "so": 2,
        "sb": 1,
        "cs": 0,
        "hbp": 0,
        "sf": 0,
        "created_at": "2026-03-01T08:38:30.436Z"
    }
},
{
    "model": "core.statsbatting",
    "pk": 204,
    "fields": {
        "game": 9,
        "team": 1,
        "player": 12,
        "pa": 4,
        "ab": 2,
        "r": 1,
        "h": 1,
        "doubles": 1,
        "triples": 0,
        "hr": 1,
        "rbi": 2,
        "bb": 2,
        "so": 1,
        "sb": 0,
        "cs": 0,
        "hbp": 0,
        "sf": 0,
        "created_at": "2026-03-01T08:38:30.438Z"
    }
},
{
    "model": "core.statsbatting",
    "pk": 205,
    "fields": {
        "game": 9,
        "team": 2,
        "player": 13,
        "pa": 7,
        "ab": 5,
        "r": 1,
        "h": 2,
        "doubles": 0,
        "triples": 0,
        "hr": 0,
        "rbi": 2,
        "bb": 2,
        "so": 2,
        "sb": 1,
        "cs": 0,
        "hbp": 0,
        "sf": 0,
        "created_at": "2026-03-01T08:38:30.442Z"
    }
},
{
    "model": "core.statsbatting",
    "pk": 206,
    "fields": {
        "game": 9,
        "team": 2,
        "player": 14,
        "pa": 4,
        "ab": 3,
        "r": 0,
        "h": 2,
        "doubles": 1,
        "triples": 0,
        "hr": 1,
        "rbi": 3,
        "bb": 1,
        "so": 1,
        "sb": 0,
        "cs": 0,
        "hbp": 0,
        "sf": 0,
        "created_at": "2026-03-01T08:38:30.445Z"
    }
},
{
    "model": "core.statsbatting",
    "pk": 207,
    "fields": {
        "game": 9,
        "team": 2,
        "player": 15,
        "pa": 6,
        "ab": 4,
        "r": 2,
        "h": 3,
        "doubles": 0,
        "triples": 0,
        "hr": 0,
        "rbi": 0,
        "bb": 2,
        "so": 0,
        "sb": 1,
        "cs": 0,
        "hbp": 0,
        "sf": 0,
        "created_at": "2026-03-01T08:38:30.447Z"
    }
},
{
    "model": "core.statsbatting",
    "pk": 208,
    "fields": {
        "game": 9,
        "team": 2,
        "player": 16,
        "pa": 5,
        "ab": 4,
        "r": 1,
        "h": 4,
        "doubles": 1,
        "triples": 0,
        "hr": 1,
        "rbi": 1,
        "bb": 1,
        "so": 2,
        "sb": 0,
        "cs": 0,
        "hbp": 0,
        "sf": 0,
        "created_at": "2026-03-01T08:38:30.449Z"
    }
},
{
    "model": "core.statsbatting",
    "pk": 209,
    "fields": {
        "game": 9,
        "team": 2,
        "player": 17,
        "pa": 3,
        "ab": 2,
        "r": 2,
        "h": 0,
        "doubles": 0,
        "triples": 0,
        "hr": 0,
        "rbi": 3,
        "bb": 1,
        "so": 1,
        "sb": 0,
        "cs": 0,
        "hbp": 0,
        "sf": 0,
        "created_at": "2026-03-01T08:38:30.452Z"
    }
},
{
    "model": "core.statsbatting",
    "pk": 210,
    "fields": {
        "game": 9,
        "team": 2,
        "player": 18,
        "pa": 2,
        "ab": 2,
        "r": 1,
        "h": 0,
        "doubles": 0,
        "triples": 0,
        "hr": 0,
        "rbi": 1,
        "bb": 0,
        "so": 0,
        "sb": 1,
        "cs": 0,
        "hbp": 0,
        "sf": 0,
        "created_at": "2026-03-01T08:38:30.454Z"
    }
},
{
    "model": "core.statsbatting",
    "pk": 211,
    "fields": {
        "game": 9,
        "team": 2,
        "player": 19,
        "pa": 5,
        "ab": 3,
        "r": 1,
        "h": 0,
        "doubles": 0,
        "triples": 0,
        "hr": 0,
        "rbi": 1,
        "bb": 2,
        "so": 0,
        "sb": 0,
        "cs": 0,
        "hbp": 0,
        "sf": 0,
        "created_at": "2026-03-01T08:38:30.456Z"
    }
},
{
    "model": "core.statsbatting",
    "pk": 212,
    "fields": {
        "game": 9,
        "team": 2,
        "player": 20,
        "pa": 5,
        "ab": 5,
        "r": 1,
        "h": 4,
        "doubles": 0,
        "triples": 0,
        "hr": 1,
        "rbi": 3,
        "bb": 0,
        "so": 0,
        "sb": 0,
        "cs": 0,
        "hbp": 0,
        "sf": 0,
        "created_at": "2026-03-01T08:38:30.459Z"
    }
},
{
    "model": "core.statsbatting",
    "pk": 213,
    "fields": {
        "game": 9,
        "team": 2,
        "player": 21,
        "pa": 3,
        "ab": 3,
        "r": 0,
        "h": 2,
        "doubles": 1,
        "triples": 0,
        "hr": 1,
        "rbi": 2,
        "bb": 0,
        "so": 2,
        "sb": 1,
        "cs": 0,
        "hbp": 0,
        "sf": 0,
        "created_at": "2026-03-01T08:38:30.461Z"
    }
},
{
    "model": "core.statsbatting",
    "pk": 214,
    "fields": {
        "game": 9,
        "team": 2,
        "player": 22,
        "pa": 4,
        "ab": 2,
        "r": 1,
        "h": 1,
        "doubles": 0,
        "triples": 0,
        "hr": 0,
        "rbi": 1,
        "bb": 2,
        "so": 0,
        "sb": 0,
        "cs": 0,
        "hbp": 0,
        "sf": 0,
        "created_at": "2026-03-01T08:38:30.463Z"
    }
},
{
    "model": "core.statsbatting",
    "pk": 215,
    "fields": {
        "game": 9,
        "team": 2,
        "player": 23,
        "pa": 7,
        "ab": 5,
        "r": 0,
        "h": 0,
        "doubles": 0,
        "triples": 0,
        "hr": 0,
        "rbi": 0,
        "bb": 2,
        "so": 1,
        "sb": 0,
        "cs": 0,
        "hbp": 0,
        "sf": 0,
        "created_at": "2026-03-01T08:38:30.465Z"
    }
},
{
    "model": "core.statsbatting",
    "pk": 216,
    "fields": {
        "game": 9,
        "team": 2,
        "player": 24,
        "pa": 6,
        "ab": 5,
        "r": 2,
        "h": 4,
        "doubles": 0,
        "triples": 0,
        "hr": 0,
        "rbi": 3,
        "bb": 1,
        "so": 0,
        "sb": 0,
        "cs": 0,
        "hbp": 0,
        "sf": 0,
        "created_at": "2026-03-01T08:38:30.468Z"
    }
},
{
    "model": "core.statsbatting",
    "pk": 217,
    "fields": {
        "game": 10,
        "team": 1,
        "player": 1,
        "pa": 5,
        "ab": 5,
        "r": 1,
        "h": 1,
        "doubles": 0,
        "triples": 0,
        "hr": 1,
        "rbi": 2,
        "bb": 0,
        "so": 0,
        "sb": 1,
        "cs": 0,
        "hbp": 0,
        "sf": 0,
        "created_at": "2026-03-01T08:38:30.472Z"
    }
},
{
    "model": "core.statsbatting",
    "pk": 218,
    "fields": {
        "game": 10,
        "team": 1,
        "player": 2,
        "pa": 4,
        "ab": 3,
        "r": 1,
        "h": 1,
        "doubles": 0,
        "triples": 0,
        "hr": 0,
        "rbi": 2,
        "bb": 1,
        "so": 1,
        "sb": 1,
        "cs": 0,
        "hbp": 0,
        "sf": 0,
        "created_at": "2026-03-01T08:38:30.474Z"
    }
},
{
    "model": "core.statsbatting",
    "pk": 219,
    "fields": {
        "game": 10,
        "team": 1,
        "player": 3,
        "pa": 2,
        "ab": 2,
        "r": 0,
        "h": 0,
        "doubles": 0,
        "triples": 0,
        "hr": 0,
        "rbi": 0,
        "bb": 0,
        "so": 0,
        "sb": 1,
        "cs": 0,
        "hbp": 0,
        "sf": 0,
        "created_at": "2026-03-01T08:38:30.476Z"
    }
},
{
    "model": "core.statsbatting",
    "pk": 220,
    "fields": {
        "game": 10,
        "team": 1,
        "player": 4,
        "pa": 4,
        "ab": 2,
        "r": 1,
        "h": 1,
        "doubles": 0,
        "triples": 0,
        "hr": 1,
        "rbi": 0,
        "bb": 2,
        "so": 1,
        "sb": 1,
        "cs": 0,
        "hbp": 0,
        "sf": 0,
        "created_at": "2026-03-01T08:38:30.478Z"
    }
},
{
    "model": "core.statsbatting",
    "pk": 221,
    "fields": {
        "game": 10,
        "team": 1,
        "player": 5,
        "pa": 2,
        "ab": 2,
        "r": 0,
        "h": 1,
        "doubles": 0,
        "triples": 0,
        "hr": 1,
        "rbi": 3,
        "bb": 0,
        "so": 2,
        "sb": 1,
        "cs": 0,
        "hbp": 0,
        "sf": 0,
        "created_at": "2026-03-01T08:38:30.481Z"
    }
},
{
    "model": "core.statsbatting",
    "pk": 222,
    "fields": {
        "game": 10,
        "team": 1,
        "player": 6,
        "pa": 3,
        "ab": 2,
        "r": 1,
        "h": 2,
        "doubles": 0,
        "triples": 0,
        "hr": 1,
        "rbi": 3,
        "bb": 1,
        "so": 0,
        "sb": 1,
        "cs": 0,
        "hbp": 0,
        "sf": 0,
        "created_at": "2026-03-01T08:38:30.484Z"
    }
},
{
    "model": "core.statsbatting",
    "pk": 223,
    "fields": {
        "game": 10,
        "team": 1,
        "player": 7,
        "pa": 6,
        "ab": 5,
        "r": 1,
        "h": 4,
        "doubles": 0,
        "triples": 0,
        "hr": 0,
        "rbi": 0,
        "bb": 1,
        "so": 0,
        "sb": 1,
        "cs": 0,
        "hbp": 0,
        "sf": 0,
        "created_at": "2026-03-01T08:38:30.486Z"
    }
},
{
    "model": "core.statsbatting",
    "pk": 224,
    "fields": {
        "game": 10,
        "team": 1,
        "player": 8,
        "pa": 7,
        "ab": 5,
        "r": 0,
        "h": 3,
        "doubles": 1,
        "triples": 0,
        "hr": 1,
        "rbi": 1,
        "bb": 2,
        "so": 1,
        "sb": 0,
        "cs": 0,
        "hbp": 0,
        "sf": 0,
        "created_at": "2026-03-01T08:38:30.488Z"
    }
},
{
    "model": "core.statsbatting",
    "pk": 225,
    "fields": {
        "game": 10,
        "team": 1,
        "player": 9,
        "pa": 7,
        "ab": 5,
        "r": 0,
        "h": 1,
        "doubles": 0,
        "triples": 0,
        "hr": 1,
        "rbi": 3,
        "bb": 2,
        "so": 2,
        "sb": 1,
        "cs": 0,
        "hbp": 0,
        "sf": 0,
        "created_at": "2026-03-01T08:38:30.490Z"
    }
},
{
    "model": "core.statsbatting",
    "pk": 226,
    "fields": {
        "game": 10,
        "team": 1,
        "player": 10,
        "pa": 6,
        "ab": 4,
        "r": 2,
        "h": 2,
        "doubles": 0,
        "triples": 0,
        "hr": 1,
        "rbi": 0,
        "bb": 2,
        "so": 1,
        "sb": 0,
        "cs": 0,
        "hbp": 0,
        "sf": 0,
        "created_at": "2026-03-01T08:38:30.492Z"
    }
},
{
    "model": "core.statsbatting",
    "pk": 227,
    "fields": {
        "game": 10,
        "team": 1,
        "player": 11,
        "pa": 6,
        "ab": 5,
        "r": 1,
        "h": 2,
        "doubles": 1,
        "triples": 0,
        "hr": 1,
        "rbi": 0,
        "bb": 1,
        "so": 0,
        "sb": 0,
        "cs": 0,
        "hbp": 0,
        "sf": 0,
        "created_at": "2026-03-01T08:38:30.494Z"
    }
},
{
    "model": "core.statsbatting",
    "pk": 228,
    "fields": {
        "game": 10,
        "team": 1,
        "player": 12,
        "pa": 7,
        "ab": 5,
        "r": 2,
        "h": 5,
        "doubles": 1,
        "triples": 0,
        "hr": 0,
        "rbi": 1,
        "bb": 2,
        "so": 2,
        "sb": 0,
        "cs": 0,
        "hbp": 0,
        "sf": 0,
        "created_at": "2026-03-01T08:38:30.497Z"
    }
},
{
    "model": "core.statsbatting",
    "pk": 229,
    "fields": {
        "game": 10,
        "team": 2,
        "player": 13,
        "pa": 3,
        "ab": 3,
        "r": 2,
        "h": 0,
        "doubles": 0,
        "triples": 0,
        "hr": 0,
        "rbi": 1,
        "bb": 0,
        "so": 1,
        "sb": 1,
        "cs": 0,
        "hbp": 0,
        "sf": 0,
        "created_at": "2026-03-01T08:38:30.501Z"
    }
},
{
    "model": "core.statsbatting",
    "pk": 230,
    "fields": {
        "game": 10,
        "team": 2,
        "player": 14,
        "pa": 2,
        "ab": 2,
        "r": 2,
        "h": 0,
        "doubles": 0,
        "triples": 0,
        "hr": 0,
        "rbi": 1,
        "bb": 0,
        "so": 1,
        "sb": 0,
        "cs": 0,
        "hbp": 0,
        "sf": 0,
        "created_at": "2026-03-01T08:38:30.503Z"
    }
},
{
    "model": "core.statsbatting",
    "pk": 231,
    "fields": {
        "game": 10,
        "team": 2,
        "player": 15,
        "pa": 4,
        "ab": 4,
        "r": 0,
        "h": 0,
        "doubles": 0,
        "triples": 0,
        "hr": 0,
        "rbi": 0,
        "bb": 0,
        "so": 0,
        "sb": 0,
        "cs": 0,
        "hbp": 0,
        "sf": 0,
        "created_at": "2026-03-01T08:38:30.505Z"
    }
},
{
    "model": "core.statsbatting",
    "pk": 232,
    "fields": {
        "game": 10,
        "team": 2,
        "player": 16,
        "pa": 2,
        "ab": 2,
        "r": 1,
        "h": 1,
        "doubles": 0,
        "triples": 0,
        "hr": 1,
        "rbi": 3,
        "bb": 0,
        "so": 0,
        "sb": 1,
        "cs": 0,
        "hbp": 0,
        "sf": 0,
        "created_at": "2026-03-01T08:38:30.507Z"
    }
},
{
    "model": "core.statsbatting",
    "pk": 233,
    "fields": {
        "game": 10,
        "team": 2,
        "player": 17,
        "pa": 5,
        "ab": 5,
        "r": 2,
        "h": 5,
        "doubles": 1,
        "triples": 0,
        "hr": 1,
        "rbi": 2,
        "bb": 0,
        "so": 2,
        "sb": 1,
        "cs": 0,
        "hbp": 0,
        "sf": 0,
        "created_at": "2026-03-01T08:38:30.510Z"
    }
},
{
    "model": "core.statsbatting",
    "pk": 234,
    "fields": {
        "game": 10,
        "team": 2,
        "player": 18,
        "pa": 5,
        "ab": 5,
        "r": 0,
        "h": 4,
        "doubles": 1,
        "triples": 0,
        "hr": 0,
        "rbi": 0,
        "bb": 0,
        "so": 1,
        "sb": 1,
        "cs": 0,
        "hbp": 0,
        "sf": 0,
        "created_at": "2026-03-01T08:38:30.512Z"
    }
},
{
    "model": "core.statsbatting",
    "pk": 235,
    "fields": {
        "game": 10,
        "team": 2,
        "player": 19,
        "pa": 6,
        "ab": 4,
        "r": 1,
        "h": 2,
        "doubles": 1,
        "triples": 0,
        "hr": 0,
        "rbi": 0,
        "bb": 2,
        "so": 2,
        "sb": 0,
        "cs": 0,
        "hbp": 0,
        "sf": 0,
        "created_at": "2026-03-01T08:38:30.514Z"
    }
},
{
    "model": "core.statsbatting",
    "pk": 236,
    "fields": {
        "game": 10,
        "team": 2,
        "player": 20,
        "pa": 5,
        "ab": 3,
        "r": 1,
        "h": 1,
        "doubles": 1,
        "triples": 0,
        "hr": 0,
        "rbi": 2,
        "bb": 2,
        "so": 0,
        "sb": 1,
        "cs": 0,
        "hbp": 0,
        "sf": 0,
        "created_at": "2026-03-01T08:38:30.517Z"
    }
},
{
    "model": "core.statsbatting",
    "pk": 237,
    "fields": {
        "game": 10,
        "team": 2,
        "player": 21,
        "pa": 4,
        "ab": 2,
        "r": 0,
        "h": 0,
        "doubles": 0,
        "triples": 0,
        "hr": 0,
        "rbi": 0,
        "bb": 2,
        "so": 1,
        "sb": 1,
        "cs": 0,
        "hbp": 0,
        "sf": 0,
        "created_at": "2026-03-01T08:38:30.519Z"
    }
},
{
    "model": "core.statsbatting",
    "pk": 238,
    "fields": {
        "game": 10,
        "team": 2,
        "player": 22,
        "pa": 4,
        "ab": 2,
        "r": 0,
        "h": 2,
        "doubles": 1,
        "triples": 0,
        "hr": 0,
        "rbi": 2,
        "bb": 2,
        "so": 0,
        "sb": 1,
        "cs": 0,
        "hbp": 0,
        "sf": 0,
        "created_at": "2026-03-01T08:38:30.522Z"
    }
},
{
    "model": "core.statsbatting",
    "pk": 239,
    "fields": {
        "game": 10,
        "team": 2,
        "player": 23,
        "pa": 5,
        "ab": 4,
        "r": 1,
        "h": 4,
        "doubles": 0,
        "triples": 0,
        "hr": 0,
        "rbi": 0,
        "bb": 1,
        "so": 0,
        "sb": 1,
        "cs": 0,
        "hbp": 0,
        "sf": 0,
        "created_at": "2026-03-01T08:38:30.524Z"
    }
},
{
    "model": "core.statsbatting",
    "pk": 240,
    "fields": {
        "game": 10,
        "team": 2,
        "player": 24,
        "pa": 4,
        "ab": 3,
        "r": 1,
        "h": 1,
        "doubles": 1,
        "triples": 0,
        "hr": 1,
        "rbi": 2,
        "bb": 1,
        "so": 2,
        "sb": 1,
        "cs": 0,
        "hbp": 0,
        "sf": 0,
        "created_at": "2026-03-01T08:38:30.526Z"
    }
},
{
    "model": "core.statsbatting",
    "pk": 241,
    "fields": {
        "game": 11,
        "team": 4,
        "player": 37,
        "pa": 3,
        "ab": 3,
        "r": 0,
        "h": 1,
        "doubles": 1,
        "triples": 0,
        "hr": 0,
        "rbi": 2,
        "bb": 0,
        "so": 0,
        "sb": 0,
        "cs": 0,
        "hbp": 0,
        "sf": 0,
        "created_at": "2026-03-01T08:38:30.530Z"
    }
},
{
    "model": "core.statsbatting",
    "pk": 242,
    "fields": {
        "game": 11,
        "team": 4,
        "player": 38,
        "pa": 4,
        "ab": 4,
        "r": 2,
        "h": 1,
        "doubles": 1,
        "triples": 0,
        "hr": 0,
        "rbi": 2,
        "bb": 0,
        "so": 2,
        "sb": 0,
        "cs": 0,
        "hbp": 0,
        "sf": 0,
        "created_at": "2026-03-01T08:38:30.532Z"
    }
},
{
    "model": "core.statsbatting",
    "pk": 243,
    "fields": {
        "game": 11,
        "team": 4,
        "player": 39,
        "pa": 6,
        "ab": 4,
        "r": 2,
        "h": 4,
        "doubles": 1,
        "triples": 0,
        "hr": 0,
        "rbi": 0,
        "bb": 2,
        "so": 2,
        "sb": 1,
        "cs": 0,
        "hbp": 0,
        "sf": 0,
        "created_at": "2026-03-01T08:38:30.534Z"
    }
},
{
    "model": "core.statsbatting",
    "pk": 244,
    "fields": {
        "game": 11,
        "team": 4,
        "player": 40,
        "pa": 6,
        "ab": 5,
        "r": 0,
        "h": 1,
        "doubles": 0,
        "triples": 0,
        "hr": 0,
        "rbi": 0,
        "bb": 1,
        "so": 1,
        "sb": 1,
        "cs": 0,
        "hbp": 0,
        "sf": 0,
        "created_at": "2026-03-01T08:38:30.536Z"
    }
},
{
    "model": "core.statsbatting",
    "pk": 245,
    "fields": {
        "game": 11,
        "team": 4,
        "player": 41,
        "pa": 4,
        "ab": 4,
        "r": 0,
        "h": 1,
        "doubles": 1,
        "triples": 0,
        "hr": 1,
        "rbi": 2,
        "bb": 0,
        "so": 0,
        "sb": 1,
        "cs": 0,
        "hbp": 0,
        "sf": 0,
        "created_at": "2026-03-01T08:38:30.538Z"
    }
},
{
    "model": "core.statsbatting",
    "pk": 246,
    "fields": {
        "game": 11,
        "team": 4,
        "player": 42,
        "pa": 6,
        "ab": 4,
        "r": 2,
        "h": 2,
        "doubles": 0,
        "triples": 0,
        "hr": 0,
        "rbi": 0,
        "bb": 2,
        "so": 1,
        "sb": 0,
        "cs": 0,
        "hbp": 0,
        "sf": 0,
        "created_at": "2026-03-01T08:38:30.540Z"
    }
},
{
    "model": "core.statsbatting",
    "pk": 247,
    "fields": {
        "game": 11,
        "team": 4,
        "player": 43,
        "pa": 4,
        "ab": 3,
        "r": 1,
        "h": 0,
        "doubles": 0,
        "triples": 0,
        "hr": 0,
        "rbi": 2,
        "bb": 1,
        "so": 0,
        "sb": 1,
        "cs": 0,
        "hbp": 0,
        "sf": 0,
        "created_at": "2026-03-01T08:38:30.542Z"
    }
},
{
    "model": "core.statsbatting",
    "pk": 248,
    "fields": {
        "game": 11,
        "team": 4,
        "player": 44,
        "pa": 5,
        "ab": 4,
        "r": 1,
        "h": 4,
        "doubles": 1,
        "triples": 0,
        "hr": 0,
        "rbi": 3,
        "bb": 1,
        "so": 2,
        "sb": 0,
        "cs": 0,
        "hbp": 0,
        "sf": 0,
        "created_at": "2026-03-01T08:38:30.544Z"
    }
},
{
    "model": "core.statsbatting",
    "pk": 249,
    "fields": {
        "game": 11,
        "team": 4,
        "player": 45,
        "pa": 4,
        "ab": 2,
        "r": 0,
        "h": 1,
        "doubles": 0,
        "triples": 0,
        "hr": 1,
        "rbi": 3,
        "bb": 2,
        "so": 0,
        "sb": 1,
        "cs": 0,
        "hbp": 0,
        "sf": 0,
        "created_at": "2026-03-01T08:38:30.546Z"
    }
},
{
    "model": "core.statsbatting",
    "pk": 250,
    "fields": {
        "game": 11,
        "team": 4,
        "player": 46,
        "pa": 4,
        "ab": 4,
        "r": 2,
        "h": 1,
        "doubles": 1,
        "triples": 0,
        "hr": 0,
        "rbi": 2,
        "bb": 0,
        "so": 2,
        "sb": 1,
        "cs": 0,
        "hbp": 0,
        "sf": 0,
        "created_at": "2026-03-01T08:38:30.549Z"
    }
},
{
    "model": "core.statsbatting",
    "pk": 251,
    "fields": {
        "game": 11,
        "team": 4,
        "player": 47,
        "pa": 3,
        "ab": 3,
        "r": 1,
        "h": 2,
        "doubles": 0,
        "triples": 0,
        "hr": 0,
        "rbi": 1,
        "bb": 0,
        "so": 1,
        "sb": 1,
        "cs": 0,
        "hbp": 0,
        "sf": 0,
        "created_at": "2026-03-01T08:38:30.551Z"
    }
},
{
    "model": "core.statsbatting",
    "pk": 252,
    "fields": {
        "game": 11,
        "team": 4,
        "player": 48,
        "pa": 6,
        "ab": 4,
        "r": 0,
        "h": 2,
        "doubles": 1,
        "triples": 0,
        "hr": 0,
        "rbi": 3,
        "bb": 2,
        "so": 1,
        "sb": 0,
        "cs": 0,
        "hbp": 0,
        "sf": 0,
        "created_at": "2026-03-01T08:38:30.554Z"
    }
},
{
    "model": "core.statsbatting",
    "pk": 253,
    "fields": {
        "game": 11,
        "team": 3,
        "player": 25,
        "pa": 7,
        "ab": 5,
        "r": 2,
        "h": 4,
        "doubles": 0,
        "triples": 0,
        "hr": 0,
        "rbi": 0,
        "bb": 2,
        "so": 1,
        "sb": 0,
        "cs": 0,
        "hbp": 0,
        "sf": 0,
        "created_at": "2026-03-01T08:38:30.558Z"
    }
},
{
    "model": "core.statsbatting",
    "pk": 254,
    "fields": {
        "game": 11,
        "team": 3,
        "player": 26,
        "pa": 6,
        "ab": 4,
        "r": 1,
        "h": 4,
        "doubles": 1,
        "triples": 0,
        "hr": 0,
        "rbi": 1,
        "bb": 2,
        "so": 0,
        "sb": 1,
        "cs": 0,
        "hbp": 0,
        "sf": 0,
        "created_at": "2026-03-01T08:38:30.560Z"
    }
},
{
    "model": "core.statsbatting",
    "pk": 255,
    "fields": {
        "game": 11,
        "team": 3,
        "player": 27,
        "pa": 4,
        "ab": 3,
        "r": 1,
        "h": 3,
        "doubles": 1,
        "triples": 0,
        "hr": 0,
        "rbi": 1,
        "bb": 1,
        "so": 2,
        "sb": 0,
        "cs": 0,
        "hbp": 0,
        "sf": 0,
        "created_at": "2026-03-01T08:38:30.562Z"
    }
},
{
    "model": "core.statsbatting",
    "pk": 256,
    "fields": {
        "game": 11,
        "team": 3,
        "player": 28,
        "pa": 5,
        "ab": 4,
        "r": 2,
        "h": 4,
        "doubles": 0,
        "triples": 0,
        "hr": 1,
        "rbi": 1,
        "bb": 1,
        "so": 0,
        "sb": 0,
        "cs": 0,
        "hbp": 0,
        "sf": 0,
        "created_at": "2026-03-01T08:38:30.564Z"
    }
},
{
    "model": "core.statsbatting",
    "pk": 257,
    "fields": {
        "game": 11,
        "team": 3,
        "player": 29,
        "pa": 3,
        "ab": 3,
        "r": 2,
        "h": 1,
        "doubles": 0,
        "triples": 0,
        "hr": 1,
        "rbi": 0,
        "bb": 0,
        "so": 2,
        "sb": 0,
        "cs": 0,
        "hbp": 0,
        "sf": 0,
        "created_at": "2026-03-01T08:38:30.567Z"
    }
},
{
    "model": "core.statsbatting",
    "pk": 258,
    "fields": {
        "game": 11,
        "team": 3,
        "player": 30,
        "pa": 3,
        "ab": 3,
        "r": 0,
        "h": 2,
        "doubles": 1,
        "triples": 0,
        "hr": 1,
        "rbi": 0,
        "bb": 0,
        "so": 0,
        "sb": 1,
        "cs": 0,
        "hbp": 0,
        "sf": 0,
        "created_at": "2026-03-01T08:38:30.569Z"
    }
},
{
    "model": "core.statsbatting",
    "pk": 259,
    "fields": {
        "game": 11,
        "team": 3,
        "player": 31,
        "pa": 2,
        "ab": 2,
        "r": 2,
        "h": 2,
        "doubles": 0,
        "triples": 0,
        "hr": 1,
        "rbi": 0,
        "bb": 0,
        "so": 2,
        "sb": 1,
        "cs": 0,
        "hbp": 0,
        "sf": 0,
        "created_at": "2026-03-01T08:38:30.571Z"
    }
},
{
    "model": "core.statsbatting",
    "pk": 260,
    "fields": {
        "game": 11,
        "team": 3,
        "player": 32,
        "pa": 2,
        "ab": 2,
        "r": 2,
        "h": 2,
        "doubles": 0,
        "triples": 0,
        "hr": 0,
        "rbi": 0,
        "bb": 0,
        "so": 1,
        "sb": 0,
        "cs": 0,
        "hbp": 0,
        "sf": 0,
        "created_at": "2026-03-01T08:38:30.573Z"
    }
},
{
    "model": "core.statsbatting",
    "pk": 261,
    "fields": {
        "game": 11,
        "team": 3,
        "player": 33,
        "pa": 5,
        "ab": 5,
        "r": 1,
        "h": 4,
        "doubles": 1,
        "triples": 0,
        "hr": 1,
        "rbi": 3,
        "bb": 0,
        "so": 2,
        "sb": 0,
        "cs": 0,
        "hbp": 0,
        "sf": 0,
        "created_at": "2026-03-01T08:38:30.575Z"
    }
},
{
    "model": "core.statsbatting",
    "pk": 262,
    "fields": {
        "game": 11,
        "team": 3,
        "player": 34,
        "pa": 2,
        "ab": 2,
        "r": 1,
        "h": 0,
        "doubles": 0,
        "triples": 0,
        "hr": 0,
        "rbi": 3,
        "bb": 0,
        "so": 1,
        "sb": 0,
        "cs": 0,
        "hbp": 0,
        "sf": 0,
        "created_at": "2026-03-01T08:38:30.577Z"
    }
},
{
    "model": "core.statsbatting",
    "pk": 263,
    "fields": {
        "game": 11,
        "team": 3,
        "player": 35,
        "pa": 6,
        "ab": 5,
        "r": 0,
        "h": 0,
        "doubles": 0,
        "triples": 0,
        "hr": 0,
        "rbi": 0,
        "bb": 1,
        "so": 1,
        "sb": 0,
        "cs": 0,
        "hbp": 0,
        "sf": 0,
        "created_at": "2026-03-01T08:38:30.579Z"
    }
},
{
    "model": "core.statsbatting",
    "pk": 264,
    "fields": {
        "game": 11,
        "team": 3,
        "player": 36,
        "pa": 7,
        "ab": 5,
        "r": 0,
        "h": 4,
        "doubles": 1,
        "triples": 0,
        "hr": 0,
        "rbi": 3,
        "bb": 2,
        "so": 0,
        "sb": 1,
        "cs": 0,
        "hbp": 0,
        "sf": 0,
        "created_at": "2026-03-01T08:38:30.581Z"
    }
},
{
    "model": "core.statsbatting",
    "pk": 265,
    "fields": {
        "game": 12,
        "team": 3,
        "player": 25,
        "pa": 3,
        "ab": 2,
        "r": 1,
        "h": 1,
        "doubles": 1,
        "triples": 0,
        "hr": 0,
        "rbi": 1,
        "bb": 1,
        "so": 2,
        "sb": 1,
        "cs": 0,
        "hbp": 0,
        "sf": 0,
        "created_at": "2026-03-01T08:38:30.586Z"
    }
},
{
    "model": "core.statsbatting",
    "pk": 266,
    "fields": {
        "game": 12,
        "team": 3,
        "player": 26,
        "pa": 3,
        "ab": 2,
        "r": 2,
        "h": 1,
        "doubles": 0,
        "triples": 0,
        "hr": 0,
        "rbi": 3,
        "bb": 1,
        "so": 0,
        "sb": 1,
        "cs": 0,
        "hbp": 0,
        "sf": 0,
        "created_at": "2026-03-01T08:38:30.589Z"
    }
},
{
    "model": "core.statsbatting",
    "pk": 267,
    "fields": {
        "game": 12,
        "team": 3,
        "player": 27,
        "pa": 6,
        "ab": 5,
        "r": 0,
        "h": 5,
        "doubles": 0,
        "triples": 0,
        "hr": 1,
        "rbi": 2,
        "bb": 1,
        "so": 0,
        "sb": 0,
        "cs": 0,
        "hbp": 0,
        "sf": 0,
        "created_at": "2026-03-01T08:38:30.594Z"
    }
},
{
    "model": "core.statsbatting",
    "pk": 268,
    "fields": {
        "game": 12,
        "team": 3,
        "player": 28,
        "pa": 4,
        "ab": 4,
        "r": 1,
        "h": 3,
        "doubles": 1,
        "triples": 0,
        "hr": 1,
        "rbi": 0,
        "bb": 0,
        "so": 2,
        "sb": 0,
        "cs": 0,
        "hbp": 0,
        "sf": 0,
        "created_at": "2026-03-01T08:38:30.598Z"
    }
},
{
    "model": "core.statsbatting",
    "pk": 269,
    "fields": {
        "game": 12,
        "team": 3,
        "player": 29,
        "pa": 2,
        "ab": 2,
        "r": 2,
        "h": 1,
        "doubles": 0,
        "triples": 0,
        "hr": 0,
        "rbi": 1,
        "bb": 0,
        "so": 2,
        "sb": 1,
        "cs": 0,
        "hbp": 0,
        "sf": 0,
        "created_at": "2026-03-01T08:38:30.605Z"
    }
},
{
    "model": "core.statsbatting",
    "pk": 270,
    "fields": {
        "game": 12,
        "team": 3,
        "player": 30,
        "pa": 3,
        "ab": 2,
        "r": 0,
        "h": 0,
        "doubles": 0,
        "triples": 0,
        "hr": 0,
        "rbi": 2,
        "bb": 1,
        "so": 2,
        "sb": 1,
        "cs": 0,
        "hbp": 0,
        "sf": 0,
        "created_at": "2026-03-01T08:38:30.608Z"
    }
},
{
    "model": "core.statsbatting",
    "pk": 271,
    "fields": {
        "game": 12,
        "team": 3,
        "player": 31,
        "pa": 4,
        "ab": 3,
        "r": 1,
        "h": 0,
        "doubles": 0,
        "triples": 0,
        "hr": 0,
        "rbi": 3,
        "bb": 1,
        "so": 0,
        "sb": 1,
        "cs": 0,
        "hbp": 0,
        "sf": 0,
        "created_at": "2026-03-01T08:38:30.611Z"
    }
},
{
    "model": "core.statsbatting",
    "pk": 272,
    "fields": {
        "game": 12,
        "team": 3,
        "player": 32,
        "pa": 2,
        "ab": 2,
        "r": 2,
        "h": 0,
        "doubles": 0,
        "triples": 0,
        "hr": 0,
        "rbi": 2,
        "bb": 0,
        "so": 2,
        "sb": 0,
        "cs": 0,
        "hbp": 0,
        "sf": 0,
        "created_at": "2026-03-01T08:38:30.615Z"
    }
},
{
    "model": "core.statsbatting",
    "pk": 273,
    "fields": {
        "game": 12,
        "team": 3,
        "player": 33,
        "pa": 4,
        "ab": 2,
        "r": 0,
        "h": 2,
        "doubles": 0,
        "triples": 0,
        "hr": 1,
        "rbi": 2,
        "bb": 2,
        "so": 2,
        "sb": 1,
        "cs": 0,
        "hbp": 0,
        "sf": 0,
        "created_at": "2026-03-01T08:38:30.618Z"
    }
},
{
    "model": "core.statsbatting",
    "pk": 274,
    "fields": {
        "game": 12,
        "team": 3,
        "player": 34,
        "pa": 6,
        "ab": 4,
        "r": 1,
        "h": 1,
        "doubles": 1,
        "triples": 0,
        "hr": 1,
        "rbi": 0,
        "bb": 2,
        "so": 1,
        "sb": 1,
        "cs": 0,
        "hbp": 0,
        "sf": 0,
        "created_at": "2026-03-01T08:38:30.622Z"
    }
},
{
    "model": "core.statsbatting",
    "pk": 275,
    "fields": {
        "game": 12,
        "team": 3,
        "player": 35,
        "pa": 6,
        "ab": 5,
        "r": 0,
        "h": 0,
        "doubles": 0,
        "triples": 0,
        "hr": 0,
        "rbi": 2,
        "bb": 1,
        "so": 0,
        "sb": 0,
        "cs": 0,
        "hbp": 0,
        "sf": 0,
        "created_at": "2026-03-01T08:38:30.626Z"
    }
},
{
    "model": "core.statsbatting",
    "pk": 276,
    "fields": {
        "game": 12,
        "team": 3,
        "player": 36,
        "pa": 7,
        "ab": 5,
        "r": 2,
        "h": 1,
        "doubles": 0,
        "triples": 0,
        "hr": 1,
        "rbi": 0,
        "bb": 2,
        "so": 0,
        "sb": 0,
        "cs": 0,
        "hbp": 0,
        "sf": 0,
        "created_at": "2026-03-01T08:38:30.629Z"
    }
},
{
    "model": "core.statsbatting",
    "pk": 277,
    "fields": {
        "game": 12,
        "team": 4,
        "player": 37,
        "pa": 4,
        "ab": 3,
        "r": 2,
        "h": 0,
        "doubles": 0,
        "triples": 0,
        "hr": 0,
        "rbi": 1,
        "bb": 1,
        "so": 1,
        "sb": 1,
        "cs": 0,
        "hbp": 0,
        "sf": 0,
        "created_at": "2026-03-01T08:38:30.634Z"
    }
},
{
    "model": "core.statsbatting",
    "pk": 278,
    "fields": {
        "game": 12,
        "team": 4,
        "player": 38,
        "pa": 3,
        "ab": 3,
        "r": 0,
        "h": 2,
        "doubles": 1,
        "triples": 0,
        "hr": 0,
        "rbi": 2,
        "bb": 0,
        "so": 1,
        "sb": 0,
        "cs": 0,
        "hbp": 0,
        "sf": 0,
        "created_at": "2026-03-01T08:38:30.638Z"
    }
},
{
    "model": "core.statsbatting",
    "pk": 279,
    "fields": {
        "game": 12,
        "team": 4,
        "player": 39,
        "pa": 3,
        "ab": 2,
        "r": 2,
        "h": 1,
        "doubles": 1,
        "triples": 0,
        "hr": 1,
        "rbi": 3,
        "bb": 1,
        "so": 2,
        "sb": 1,
        "cs": 0,
        "hbp": 0,
        "sf": 0,
        "created_at": "2026-03-01T08:38:30.643Z"
    }
},
{
    "model": "core.statsbatting",
    "pk": 280,
    "fields": {
        "game": 12,
        "team": 4,
        "player": 40,
        "pa": 3,
        "ab": 3,
        "r": 2,
        "h": 1,
        "doubles": 1,
        "triples": 0,
        "hr": 1,
        "rbi": 1,
        "bb": 0,
        "so": 1,
        "sb": 1,
        "cs": 0,
        "hbp": 0,
        "sf": 0,
        "created_at": "2026-03-01T08:38:30.647Z"
    }
},
{
    "model": "core.statsbatting",
    "pk": 281,
    "fields": {
        "game": 12,
        "team": 4,
        "player": 41,
        "pa": 4,
        "ab": 4,
        "r": 0,
        "h": 3,
        "doubles": 1,
        "triples": 0,
        "hr": 1,
        "rbi": 3,
        "bb": 0,
        "so": 0,
        "sb": 1,
        "cs": 0,
        "hbp": 0,
        "sf": 0,
        "created_at": "2026-03-01T08:38:30.650Z"
    }
},
{
    "model": "core.statsbatting",
    "pk": 282,
    "fields": {
        "game": 12,
        "team": 4,
        "player": 42,
        "pa": 6,
        "ab": 5,
        "r": 0,
        "h": 5,
        "doubles": 1,
        "triples": 0,
        "hr": 0,
        "rbi": 1,
        "bb": 1,
        "so": 0,
        "sb": 0,
        "cs": 0,
        "hbp": 0,
        "sf": 0,
        "created_at": "2026-03-01T08:38:30.653Z"
    }
},
{
    "model": "core.statsbatting",
    "pk": 283,
    "fields": {
        "game": 12,
        "team": 4,
        "player": 43,
        "pa": 6,
        "ab": 4,
        "r": 1,
        "h": 3,
        "doubles": 0,
        "triples": 0,
        "hr": 1,
        "rbi": 1,
        "bb": 2,
        "so": 2,
        "sb": 0,
        "cs": 0,
        "hbp": 0,
        "sf": 0,
        "created_at": "2026-03-01T08:38:30.657Z"
    }
},
{
    "model": "core.statsbatting",
    "pk": 284,
    "fields": {
        "game": 12,
        "team": 4,
        "player": 44,
        "pa": 7,
        "ab": 5,
        "r": 2,
        "h": 4,
        "doubles": 1,
        "triples": 0,
        "hr": 0,
        "rbi": 2,
        "bb": 2,
        "so": 1,
        "sb": 1,
        "cs": 0,
        "hbp": 0,
        "sf": 0,
        "created_at": "2026-03-01T08:38:30.660Z"
    }
},
{
    "model": "core.statsbatting",
    "pk": 285,
    "fields": {
        "game": 12,
        "team": 4,
        "player": 45,
        "pa": 7,
        "ab": 5,
        "r": 0,
        "h": 5,
        "doubles": 0,
        "triples": 0,
        "hr": 0,
        "rbi": 2,
        "bb": 2,
        "so": 0,
        "sb": 1,
        "cs": 0,
        "hbp": 0,
        "sf": 0,
        "created_at": "2026-03-01T08:38:30.663Z"
    }
},
{
    "model": "core.statsbatting",
    "pk": 286,
    "fields": {
        "game": 12,
        "team": 4,
        "player": 46,
        "pa": 5,
        "ab": 5,
        "r": 2,
        "h": 0,
        "doubles": 0,
        "triples": 0,
        "hr": 0,
        "rbi": 0,
        "bb": 0,
        "so": 2,
        "sb": 0,
        "cs": 0,
        "hbp": 0,
        "sf": 0,
        "created_at": "2026-03-01T08:38:30.665Z"
    }
},
{
    "model": "core.statsbatting",
    "pk": 287,
    "fields": {
        "game": 12,
        "team": 4,
        "player": 47,
        "pa": 5,
        "ab": 4,
        "r": 0,
        "h": 2,
        "doubles": 1,
        "triples": 0,
        "hr": 1,
        "rbi": 2,
        "bb": 1,
        "so": 2,
        "sb": 1,
        "cs": 0,
        "hbp": 0,
        "sf": 0,
        "created_at": "2026-03-01T08:38:30.668Z"
    }
},
{
    "model": "core.statsbatting",
    "pk": 288,
    "fields": {
        "game": 12,
        "team": 4,
        "player": 48,
        "pa": 3,
        "ab": 2,
        "r": 2,
        "h": 2,
        "doubles": 1,
        "triples": 0,
        "hr": 1,
        "rbi": 2,
        "bb": 1,
        "so": 2,
        "sb": 1,
        "cs": 0,
        "hbp": 0,
        "sf": 0,
        "created_at": "2026-03-01T08:38:30.671Z"
    }
},
{
    "model": "core.statspitching",
    "pk": 1,
    "fields": {
        "game": 1,
        "team": 4,
        "player": 45,
        "ip_outs": 18,
        "h": 2,
        "r": 3,
        "er": 0,
        "bb": 1,
        "so": 7,
        "hr": 2,
        "wp": 0,
        "bk": 0,
        "hbp": 0,
        "decision": "win"
    }
},
{
    "model": "core.statspitching",
    "pk": 2,
    "fields": {
        "game": 1,
        "team": 3,
        "player": 33,
        "ip_outs": 18,
        "h": 6,
        "r": 4,
        "er": 2,
        "bb": 2,
        "so": 10,
        "hr": 1,
        "wp": 0,
        "bk": 0,
        "hbp": 0,
        "decision": "loss"
    }
},
{
    "model": "core.statspitching",
    "pk": 3,
    "fields": {
        "game": 2,
        "team": 4,
        "player": 45,
        "ip_outs": 18,
        "h": 2,
        "r": 1,
        "er": 1,
        "bb": 1,
        "so": 3,
        "hr": 2,
        "wp": 0,
        "bk": 0,
        "hbp": 0,
        "decision": "win"
    }
},
{
    "model": "core.statspitching",
    "pk": 4,
    "fields": {
        "game": 2,
        "team": 3,
        "player": 33,
        "ip_outs": 18,
        "h": 3,
        "r": 3,
        "er": 0,
        "bb": 1,
        "so": 7,
        "hr": 1,
        "wp": 0,
        "bk": 0,
        "hbp": 0,
        "decision": "loss"
    }
},
{
    "model": "core.statspitching",
    "pk": 5,
    "fields": {
        "game": 3,
        "team": 1,
        "player": 9,
        "ip_outs": 18,
        "h": 6,
        "r": 1,
        "er": 0,
        "bb": 0,
        "so": 9,
        "hr": 1,
        "wp": 0,
        "bk": 0,
        "hbp": 0,
        "decision": "loss"
    }
},
{
    "model": "core.statspitching",
    "pk": 6,
    "fields": {
        "game": 3,
        "team": 2,
        "player": 21,
        "ip_outs": 18,
        "h": 8,
        "r": 2,
        "er": 1,
        "bb": 2,
        "so": 8,
        "hr": 0,
        "wp": 0,
        "bk": 0,
        "hbp": 0,
        "decision": "win"
    }
},
{
    "model": "core.statspitching",
    "pk": 7,
    "fields": {
        "game": 4,
        "team": 3,
        "player": 33,
        "ip_outs": 18,
        "h": 8,
        "r": 4,
        "er": 3,
        "bb": 3,
        "so": 3,
        "hr": 1,
        "wp": 0,
        "bk": 0,
        "hbp": 0,
        "decision": "win"
    }
},
{
    "model": "core.statspitching",
    "pk": 8,
    "fields": {
        "game": 4,
        "team": 4,
        "player": 45,
        "ip_outs": 18,
        "h": 3,
        "r": 3,
        "er": 3,
        "bb": 0,
        "so": 4,
        "hr": 0,
        "wp": 0,
        "bk": 0,
        "hbp": 0,
        "decision": "loss"
    }
},
{
    "model": "core.statspitching",
    "pk": 9,
    "fields": {
        "game": 5,
        "team": 1,
        "player": 9,
        "ip_outs": 18,
        "h": 2,
        "r": 5,
        "er": 5,
        "bb": 0,
        "so": 8,
        "hr": 1,
        "wp": 0,
        "bk": 0,
        "hbp": 0,
        "decision": "loss"
    }
},
{
    "model": "core.statspitching",
    "pk": 10,
    "fields": {
        "game": 5,
        "team": 2,
        "player": 21,
        "ip_outs": 18,
        "h": 6,
        "r": 0,
        "er": 1,
        "bb": 1,
        "so": 5,
        "hr": 0,
        "wp": 0,
        "bk": 0,
        "hbp": 0,
        "decision": "win"
    }
},
{
    "model": "core.statspitching",
    "pk": 11,
    "fields": {
        "game": 6,
        "team": 2,
        "player": 21,
        "ip_outs": 18,
        "h": 3,
        "r": 5,
        "er": 4,
        "bb": 0,
        "so": 7,
        "hr": 0,
        "wp": 0,
        "bk": 0,
        "hbp": 0,
        "decision": "win"
    }
},
{
    "model": "core.statspitching",
    "pk": 12,
    "fields": {
        "game": 6,
        "team": 1,
        "player": 9,
        "ip_outs": 18,
        "h": 6,
        "r": 0,
        "er": 5,
        "bb": 2,
        "so": 8,
        "hr": 1,
        "wp": 0,
        "bk": 0,
        "hbp": 0,
        "decision": "loss"
    }
},
{
    "model": "core.statspitching",
    "pk": 13,
    "fields": {
        "game": 7,
        "team": 4,
        "player": 45,
        "ip_outs": 18,
        "h": 6,
        "r": 3,
        "er": 5,
        "bb": 2,
        "so": 9,
        "hr": 0,
        "wp": 0,
        "bk": 0,
        "hbp": 0,
        "decision": "win"
    }
},
{
    "model": "core.statspitching",
    "pk": 14,
    "fields": {
        "game": 7,
        "team": 3,
        "player": 33,
        "ip_outs": 18,
        "h": 8,
        "r": 4,
        "er": 3,
        "bb": 0,
        "so": 9,
        "hr": 1,
        "wp": 0,
        "bk": 0,
        "hbp": 0,
        "decision": "loss"
    }
},
{
    "model": "core.statspitching",
    "pk": 15,
    "fields": {
        "game": 8,
        "team": 3,
        "player": 33,
        "ip_outs": 18,
        "h": 3,
        "r": 3,
        "er": 0,
        "bb": 1,
        "so": 3,
        "hr": 0,
        "wp": 0,
        "bk": 0,
        "hbp": 0,
        "decision": "loss"
    }
},
{
    "model": "core.statspitching",
    "pk": 16,
    "fields": {
        "game": 8,
        "team": 4,
        "player": 45,
        "ip_outs": 18,
        "h": 6,
        "r": 2,
        "er": 5,
        "bb": 2,
        "so": 5,
        "hr": 0,
        "wp": 0,
        "bk": 0,
        "hbp": 0,
        "decision": "win"
    }
},
{
    "model": "core.statspitching",
    "pk": 17,
    "fields": {
        "game": 9,
        "team": 1,
        "player": 9,
        "ip_outs": 18,
        "h": 6,
        "r": 2,
        "er": 4,
        "bb": 2,
        "so": 4,
        "hr": 2,
        "wp": 0,
        "bk": 0,
        "hbp": 0,
        "decision": "loss"
    }
},
{
    "model": "core.statspitching",
    "pk": 18,
    "fields": {
        "game": 9,
        "team": 2,
        "player": 21,
        "ip_outs": 18,
        "h": 3,
        "r": 0,
        "er": 0,
        "bb": 1,
        "so": 8,
        "hr": 2,
        "wp": 0,
        "bk": 0,
        "hbp": 0,
        "decision": "win"
    }
},
{
    "model": "core.statspitching",
    "pk": 19,
    "fields": {
        "game": 10,
        "team": 1,
        "player": 9,
        "ip_outs": 18,
        "h": 3,
        "r": 5,
        "er": 0,
        "bb": 0,
        "so": 4,
        "hr": 2,
        "wp": 0,
        "bk": 0,
        "hbp": 0,
        "decision": "win"
    }
},
{
    "model": "core.statspitching",
    "pk": 20,
    "fields": {
        "game": 10,
        "team": 2,
        "player": 21,
        "ip_outs": 18,
        "h": 2,
        "r": 1,
        "er": 3,
        "bb": 3,
        "so": 6,
        "hr": 1,
        "wp": 0,
        "bk": 0,
        "hbp": 0,
        "decision": "loss"
    }
},
{
    "model": "core.statspitching",
    "pk": 21,
    "fields": {
        "game": 11,
        "team": 4,
        "player": 45,
        "ip_outs": 18,
        "h": 7,
        "r": 5,
        "er": 4,
        "bb": 2,
        "so": 6,
        "hr": 2,
        "wp": 0,
        "bk": 0,
        "hbp": 0,
        "decision": "loss"
    }
},
{
    "model": "core.statspitching",
    "pk": 22,
    "fields": {
        "game": 11,
        "team": 3,
        "player": 33,
        "ip_outs": 18,
        "h": 7,
        "r": 4,
        "er": 2,
        "bb": 3,
        "so": 5,
        "hr": 1,
        "wp": 0,
        "bk": 0,
        "hbp": 0,
        "decision": "win"
    }
},
{
    "model": "core.statspitching",
    "pk": 23,
    "fields": {
        "game": 12,
        "team": 3,
        "player": 33,
        "ip_outs": 18,
        "h": 2,
        "r": 1,
        "er": 4,
        "bb": 1,
        "so": 5,
        "hr": 0,
        "wp": 0,
        "bk": 0,
        "hbp": 0,
        "decision": "loss"
    }
},
{
    "model": "core.statspitching",
    "pk": 24,
    "fields": {
        "game": 12,
        "team": 4,
        "player": 45,
        "ip_outs": 18,
        "h": 7,
        "r": 1,
        "er": 2,
        "bb": 3,
        "so": 8,
        "hr": 0,
        "wp": 0,
        "bk": 0,
        "hbp": 0,
        "decision": "win"
    }
}
]
